,ts_code,trade_date,open,high,low,close,pre_close,change,pct_chg,vol,amount
838,601127.SH,20200102,11.46,11.5,11.41,11.49,11.4,0.09,0.7895,24177.92,27739.209
837,601127.SH,20200103,11.5,11.54,11.47,11.5,11.49,0.01,0.087,17999,20702.355
836,601127.SH,20200106,11.47,11.53,11.37,11.41,11.5,-0.09,-0.7826,33608.4,38355.324
835,601127.SH,20200107,11.45,11.54,11.42,11.53,11.41,0.12,1.0517,27595.89,31704.228
834,601127.SH,20200108,11.5,11.68,11.48,11.6,11.53,0.07,0.6071,41123.94,47768.416
833,601127.SH,20200109,11.61,11.73,11.59,11.63,11.6,0.03,0.2586,24109.81,28098.076
832,601127.SH,20200110,11.61,11.66,11.5,11.52,11.63,-0.11,-0.9458,19366.42,22355.634
831,601127.SH,20200113,11.55,11.71,11.55,11.7,11.52,0.18,1.5625,25001.13,29162.862
830,601127.SH,20200114,11.71,11.73,11.62,11.63,11.7,-0.07,-0.5983,18277,21330.461
829,601127.SH,20200115,11.61,11.61,11.4,11.4,11.63,-0.23,-1.9776,20038,22981.836
828,601127.SH,20200116,11.43,11.51,11.4,11.4,11.4,0,0,12096,13832.391
827,601127.SH,20200117,11.45,11.46,11.35,11.35,11.4,-0.05,-0.4386,11554.75,13157.16
826,601127.SH,20200120,11.31,11.39,11.21,11.35,11.35,0,0,18675.03,21081.847
825,601127.SH,20200121,11.35,11.39,11.22,11.33,11.35,-0.02,-0.1762,18699.55,21127.823
824,601127.SH,20200122,11.33,11.33,11.08,11.12,11.33,-0.21,-1.8535,17858,19924.109
823,601127.SH,20200123,11,11.08,10.08,10.27,11.12,-0.85,-7.6439,36351,38410.248
822,601127.SH,20200203,9.24,9.24,9.24,9.24,10.27,-1.03,-10.0292,5288,4886.112
821,601127.SH,20200204,8.32,8.82,8.32,8.35,9.24,-0.89,-9.632,63025.78,53238.362
820,601127.SH,20200205,8.41,8.78,8.4,8.78,8.35,0.43,5.1497,47699.37,41305.722
819,601127.SH,20200206,8.75,9.18,8.65,9.1,8.78,0.32,3.6446,38538.99,34614.425
818,601127.SH,20200207,9.37,9.4,9.11,9.25,9.1,0.15,1.6484,33841.98,31308.263
817,601127.SH,20200210,9.25,9.48,9.21,9.47,9.25,0.22,2.3784,25406,23825.945
816,601127.SH,20200211,9.43,9.58,9.32,9.42,9.47,-0.05,-0.528,17103.86,16160.202
815,601127.SH,20200212,9.43,9.53,9.38,9.52,9.42,0.1,1.0616,17537.06,16619.144
814,601127.SH,20200213,9.52,9.59,9.33,9.34,9.52,-0.18,-1.8908,18001.51,16937.79
813,601127.SH,20200214,9.38,9.42,9.17,9.3,9.34,-0.04,-0.4283,20370.91,18879.292
812,601127.SH,20200217,9.38,9.6,9.35,9.58,9.3,0.28,3.0108,31315.7,29815.851
811,601127.SH,20200218,9.61,9.61,9.43,9.6,9.58,0.02,0.2088,33741.16,32185.338
810,601127.SH,20200219,9.6,9.76,9.45,9.49,9.6,-0.11,-1.1458,38942.48,37411.441
809,601127.SH,20200220,9.51,9.75,9.42,9.7,9.49,0.21,2.2129,35906.58,34532.337
808,601127.SH,20200221,9.69,9.94,9.62,9.82,9.7,0.12,1.2371,34275.21,33574.782
807,601127.SH,20200224,9.75,9.79,9.58,9.64,9.82,-0.18,-1.833,31820.84,30702.754
806,601127.SH,20200225,9.6,9.99,9.28,9.89,9.64,0.25,2.5934,68382.77,66072.851
805,601127.SH,20200226,9.73,9.94,9.55,9.59,9.89,-0.3,-3.0334,41140.17,40017.439
804,601127.SH,20200227,9.88,10.55,9.88,10.55,9.59,0.96,10.0104,90517.1,94223.946
803,601127.SH,20200228,10.03,10.69,9.88,10.04,10.55,-0.51,-4.8341,107020.05,109903.499
802,601127.SH,20200302,10.2,10.39,10,10.26,10.04,0.22,2.1912,72696.19,74197.006
801,601127.SH,20200303,10.4,10.58,10.28,10.54,10.26,0.28,2.729,71885.26,74988.242
800,601127.SH,20200304,10.42,10.98,10.41,10.94,10.54,0.4,3.7951,81985.42,87982.088
799,601127.SH,20200305,10.93,11.24,10.64,11.09,10.94,0.15,1.3711,89630.7,97589.828
798,601127.SH,20200306,11.02,11.19,10.93,11.01,11.09,-0.08,-0.7214,58670.91,64705.777
797,601127.SH,20200309,10.8,10.96,10.25,10.43,11.01,-0.58,-5.2679,75200.88,79216.498
796,601127.SH,20200310,10.44,10.82,10.38,10.65,10.43,0.22,2.1093,55628.07,58995.728
795,601127.SH,20200311,10.65,10.66,9.92,9.98,10.65,-0.67,-6.2911,81517.92,83295.473
794,601127.SH,20200313,9.08,9.95,9.08,9.53,9.98,-0.45,-4.509,60653.92,57336.275
793,601127.SH,20200316,9.53,9.69,8.81,8.9,9.53,-0.63,-6.6107,64775.16,59776.443
792,601127.SH,20200317,8.88,9.13,8.45,8.63,8.9,-0.27,-3.0337,39244.82,34145.367
791,601127.SH,20200318,8.74,8.87,8.34,8.37,8.63,-0.26,-3.0127,34632.58,29837.349
790,601127.SH,20200319,8.37,8.45,8.05,8.25,8.37,-0.12,-1.4337,34012.07,27951.079
789,601127.SH,20200320,8.4,8.41,8.2,8.35,8.25,0.1,1.2121,16529,13713.074
788,601127.SH,20200323,8.11,8.21,7.9,8.11,8.35,-0.24,-2.8743,25767.64,20822.368
787,601127.SH,20200324,8.2,8.44,8.17,8.41,8.11,0.3,3.6991,29615.04,24637.623
786,601127.SH,20200325,8.58,8.78,8.48,8.56,8.41,0.15,1.7836,32001.78,27477.7
785,601127.SH,20200326,8.49,8.59,8.38,8.44,8.56,-0.12,-1.4019,27777.49,23562.856
784,601127.SH,20200327,8.56,8.59,8.35,8.36,8.44,-0.08,-0.9479,15033,12702.556
783,601127.SH,20200330,8.22,8.28,8,8.16,8.36,-0.2,-2.3923,15148.29,12287.862
782,601127.SH,20200331,8.25,8.32,8.03,8.03,8.16,-0.13,-1.5931,15157,12346.836
781,601127.SH,20200401,8.15,8.28,8.04,8.07,8.03,0.04,0.4981,22122,17995.726
780,601127.SH,20200402,8,8.23,8,8.22,8.07,0.15,1.8587,18371.82,14966.562
779,601127.SH,20200403,8.83,9.04,8.83,9.04,8.22,0.82,9.9757,22732.46,20505.938
778,601127.SH,20200407,9.04,9.71,8.9,9.32,9.04,0.28,3.0973,97471.53,91675.165
777,601127.SH,20200408,9.06,9.13,8.86,8.93,9.32,-0.39,-4.1845,64732.97,57997.016
776,601127.SH,20200409,8.92,9.34,8.87,9.12,8.93,0.19,2.1277,70405.63,64547.401
775,601127.SH,20200410,9.23,9.38,8.83,8.84,9.12,-0.28,-3.0702,47318.25,42666.974
774,601127.SH,20200413,8.59,8.73,8.29,8.41,8.84,-0.43,-4.8643,35787.04,30340.444
773,601127.SH,20200414,8.52,8.63,8.42,8.6,8.41,0.19,2.2592,24821.8,21205.075
772,601127.SH,20200415,8.6,8.64,8.43,8.43,8.6,-0.17,-1.9767,25804.69,21928.494
771,601127.SH,20200416,8.48,8.48,8.33,8.34,8.43,-0.09,-1.0676,25275.54,21169.993
770,601127.SH,20200417,8.39,8.5,8.23,8.24,8.34,-0.1,-1.199,23025,19272.404
769,601127.SH,20200420,8.36,8.45,8.22,8.44,8.24,0.2,2.4272,19150.46,16020.776
768,601127.SH,20200421,8.69,8.69,8.19,8.26,8.44,-0.18,-2.1327,34239.79,28725.082
767,601127.SH,20200422,8.26,8.39,8.18,8.33,8.26,0.07,0.8475,22585,18694.705
766,601127.SH,20200423,8.35,8.79,8.21,8.48,8.33,0.15,1.8007,49987.16,42456.908
765,601127.SH,20200424,8.48,8.67,8.19,8.21,8.48,-0.27,-3.184,37083.22,31117.78
764,601127.SH,20200427,8.2,8.28,8.09,8.09,8.21,-0.12,-1.4616,21762.65,17750.181
763,601127.SH,20200428,8.12,8.14,7.62,7.76,8.09,-0.33,-4.0791,27596.35,21673.081
762,601127.SH,20200429,7.83,7.88,7.67,7.73,7.76,-0.03,-0.3866,14923.87,11576.805
761,601127.SH,20200430,7.8,8.16,7.8,8.15,7.73,0.42,5.4334,30388.79,24398.777
760,601127.SH,20200506,8.05,8.39,8.03,8.38,8.15,0.23,2.8221,29573.55,24494.864
759,601127.SH,20200507,8.39,8.43,8.27,8.33,8.38,-0.05,-0.5967,19596.08,16320.035
758,601127.SH,20200508,8.33,8.41,8.28,8.36,8.33,0.03,0.3601,11800.86,9874.744
757,601127.SH,20200511,8.44,8.67,8.22,8.31,8.36,-0.05,-0.5981,26618.8,22431.28
756,601127.SH,20200512,8.28,8.31,8.05,8.12,8.31,-0.19,-2.2864,27160.75,22170.306
755,601127.SH,20200513,8.1,8.14,8.01,8.07,8.12,-0.05,-0.6158,17025.1,13736.44
754,601127.SH,20200514,8.07,8.31,8.01,8.18,8.07,0.11,1.3631,23489.01,19218.401
753,601127.SH,20200515,8.24,8.25,8.1,8.1,8.18,-0.08,-0.978,12543.16,10231.901
752,601127.SH,20200518,8.13,8.13,7.91,7.94,8.1,-0.16,-1.9753,20968.23,16818.508
751,601127.SH,20200519,7.96,7.99,7.87,7.94,7.94,0,0,12678.52,10057.363
750,601127.SH,20200520,7.92,7.98,7.8,7.87,7.94,-0.07,-0.8816,16309,12888.66
749,601127.SH,20200521,7.88,7.93,7.8,7.84,7.87,-0.03,-0.3812,12339,9689.078
748,601127.SH,20200522,7.88,7.88,7.69,7.75,7.84,-0.09,-1.148,11623,9015.429
747,601127.SH,20200525,7.71,8.1,7.66,7.92,7.75,0.17,2.1935,18081.15,14275.15
746,601127.SH,20200526,7.9,8.02,7.87,7.93,7.92,0.01,0.1263,15352.27,12179.006
745,601127.SH,20200527,7.97,8.02,7.86,7.94,7.93,0.01,0.1261,12801,10168.398
744,601127.SH,20200528,7.93,8.09,7.85,7.9,7.94,-0.04,-0.5038,20773.86,16542.399
743,601127.SH,20200529,7.93,8.1,7.84,8.03,7.9,0.13,1.6456,26710.98,21342.228
742,601127.SH,20200601,8.05,8.32,8.05,8.27,8.03,0.24,2.9888,31161.67,25631.318
741,601127.SH,20200602,8.8,9.1,8.55,8.6,8.27,0.33,3.9903,69778.62,61011.551
740,601127.SH,20200603,8.8,9.46,8.43,9.46,8.6,0.86,10,140502.81,126903.984
739,601127.SH,20200604,10.35,10.41,9.99,10.41,9.46,0.95,10.0423,230870.56,239210.773
738,601127.SH,20200605,10.41,11.45,10.41,11.45,10.41,1.04,9.9904,269377.6,297302.878
737,601127.SH,20200608,11.39,11.39,10.31,10.31,11.45,-1.14,-9.9563,128420.55,135486.771
736,601127.SH,20200609,9.59,9.78,9.28,9.28,10.31,-1.03,-9.9903,219565.77,205945.533
735,601127.SH,20200610,8.91,9.16,8.73,8.96,9.28,-0.32,-3.4483,159410.77,142463.902
734,601127.SH,20200611,8.9,9.36,8.83,9.19,8.96,0.23,2.567,167326.64,152556.727
733,601127.SH,20200612,8.91,9.22,8.75,8.97,9.19,-0.22,-2.3939,136127.48,122181.745
732,601127.SH,20200615,8.86,8.86,8.6,8.6,8.97,-0.37,-4.1249,113912.22,99236.295
731,601127.SH,20200616,8.65,8.74,8.53,8.69,8.6,0.09,1.0465,78403.73,67553.047
730,601127.SH,20200617,8.62,8.69,8.53,8.59,8.69,-0.1,-1.1507,60576.16,52012.081
729,601127.SH,20200618,8.59,8.62,8.47,8.5,8.59,-0.09,-1.0477,49794.79,42484.109
728,601127.SH,20200619,8.47,8.82,8.47,8.73,8.5,0.23,2.7059,101005.92,88015.491
727,601127.SH,20200622,8.66,8.7,8.49,8.51,8.73,-0.22,-2.52,76345,65259.43
726,601127.SH,20200623,8.5,8.51,8.23,8.27,8.51,-0.24,-2.8202,67804.03,56408.256
725,601127.SH,20200624,8.32,8.44,8.23,8.33,8.27,0.06,0.7255,38368.47,31925.517
724,601127.SH,20200629,8.37,8.44,8.2,8.3,8.33,-0.03,-0.3601,34017.35,28238.801
723,601127.SH,20200630,8.35,8.38,8.27,8.31,8.3,0.01,0.1205,30531.39,25369.353
722,601127.SH,20200701,8.33,8.36,8.21,8.24,8.31,-0.07,-0.8424,34299.32,28362.401
721,601127.SH,20200702,8.26,8.39,8.26,8.35,8.24,0.11,1.335,42164.24,35149.124
720,601127.SH,20200703,8.37,8.63,8.36,8.55,8.35,0.2,2.3952,79095.45,67444.085
719,601127.SH,20200706,8.55,8.86,8.47,8.82,8.55,0.27,3.1579,102287.42,88847.369
718,601127.SH,20200707,8.82,9.07,8.74,8.94,8.82,0.12,1.3605,115423.38,103279.47
717,601127.SH,20200708,8.89,9.07,8.78,9.05,8.94,0.11,1.2304,95427.28,85466.787
716,601127.SH,20200709,9.01,9.45,8.94,9.41,9.05,0.36,3.9779,112532.98,102566.945
715,601127.SH,20200710,9.44,9.44,9.12,9.13,9.41,-0.28,-2.9756,90763.69,84160.542
714,601127.SH,20200713,9.13,9.37,9.05,9.35,9.13,0.22,2.4096,81773.08,75732.98
713,601127.SH,20200714,9.34,9.62,9.22,9.62,9.35,0.27,2.8877,110952.77,104623.239
712,601127.SH,20200715,9.66,9.66,9.2,9.22,9.62,-0.4,-4.158,67317.05,62954.842
711,601127.SH,20200716,9.28,9.3,8.84,8.85,9.22,-0.37,-4.013,56077.56,50982.087
710,601127.SH,20200717,8.84,8.96,8.75,8.8,8.85,-0.05,-0.565,30418.79,26885.875
709,601127.SH,20200720,8.9,9.01,8.79,9.01,8.8,0.21,2.3864,32337.33,28809.499
708,601127.SH,20200721,9.03,9.17,8.96,9.02,9.01,0.01,0.111,36230.95,32722.373
707,601127.SH,20200722,8.98,9.37,8.92,9.21,8.98,0.23,2.5612,55010.47,50475.173
706,601127.SH,20200723,9.19,9.24,8.9,9.24,9.21,0.03,0.3257,36057.52,32746.405
705,601127.SH,20200724,9.25,9.44,8.9,8.99,9.24,-0.25,-2.7056,73147.67,67513.884
704,601127.SH,20200727,8.97,9.1,8.67,8.72,8.99,-0.27,-3.0033,43166.9,37910.055
703,601127.SH,20200728,8.74,8.94,8.59,8.65,8.72,-0.07,-0.8028,38776.95,33880.549
702,601127.SH,20200729,8.6,8.85,8.46,8.84,8.65,0.19,2.1965,36544,31700.108
701,601127.SH,20200730,8.83,8.99,8.77,8.99,8.84,0.15,1.6968,37155.49,33035.776
700,601127.SH,20200731,8.92,8.96,8.77,8.95,8.99,-0.04,-0.4449,36275,32230.428
699,601127.SH,20200803,8.95,9.13,8.95,9.09,8.95,0.14,1.5642,43570,39419.513
698,601127.SH,20200804,9.12,9.2,9,9.05,9.09,-0.04,-0.44,29951.47,27150.212
697,601127.SH,20200805,9.09,9.09,8.9,8.92,9.05,-0.13,-1.4365,32846.27,29379.808
696,601127.SH,20200806,8.94,8.97,8.79,8.87,8.92,-0.05,-0.5605,27061,24009.353
695,601127.SH,20200807,8.86,9.09,8.8,9.09,8.87,0.22,2.4803,45289,40470.572
694,601127.SH,20200810,9.12,9.27,9.05,9.15,9.09,0.06,0.6601,68710,63012.372
693,601127.SH,20200811,9.18,9.89,9.07,9.47,9.15,0.32,3.4973,127654.92,120016.194
692,601127.SH,20200812,9.31,9.4,8.97,9.17,9.47,-0.3,-3.1679,88282.76,80460.79
691,601127.SH,20200813,9.18,9.28,9.07,9.08,9.17,-0.09,-0.9815,50125,45957.584
690,601127.SH,20200814,9.06,9.25,8.94,9.2,9.08,0.12,1.3216,48967,44502.151
689,601127.SH,20200817,9.22,9.26,9.11,9.2,9.2,0,0,42737.84,39251.085
688,601127.SH,20200818,9.21,9.35,9.13,9.14,9.2,-0.06,-0.6522,49837.5,45931.734
687,601127.SH,20200819,9.14,9.24,9.04,9.09,9.14,-0.05,-0.547,45429.55,41491.026
686,601127.SH,20200820,9.09,9.15,8.91,8.91,9.09,-0.18,-1.9802,40289.48,36236.906
685,601127.SH,20200821,8.93,9.03,8.91,8.98,8.91,0.07,0.7856,21511,19306.861
684,601127.SH,20200824,8.96,9,8.89,8.94,8.98,-0.04,-0.4454,24666.62,22037.108
683,601127.SH,20200825,8.98,9,8.8,8.83,8.94,-0.11,-1.2304,26661.1,23726.857
682,601127.SH,20200826,8.85,8.88,8.64,8.71,8.83,-0.12,-1.359,25809.01,22652.926
681,601127.SH,20200827,8.7,8.98,8.66,8.89,8.71,0.18,2.0666,27510.88,24386.019
680,601127.SH,20200828,8.93,9.02,8.8,8.94,8.89,0.05,0.5624,30480.07,27105.165
679,601127.SH,20200831,8.95,9.09,8.8,8.8,8.94,-0.14,-1.566,32819.86,29167.296
678,601127.SH,20200901,8.82,8.93,8.75,8.85,8.8,0.05,0.5682,17987.12,15890.242
677,601127.SH,20200902,8.88,8.98,8.79,8.93,8.85,0.08,0.904,26635.95,23720.994
676,601127.SH,20200903,8.93,8.94,8.8,8.83,8.93,-0.1,-1.1198,20022.38,17714.574
675,601127.SH,20200904,8.72,8.8,8.66,8.71,8.83,-0.12,-1.359,22300.02,19413.378
674,601127.SH,20200907,8.73,8.87,8.56,8.58,8.71,-0.13,-1.4925,26189.99,22779.479
673,601127.SH,20200908,8.59,8.75,8.55,8.7,8.58,0.12,1.3986,18077.7,15662.499
672,601127.SH,20200909,8.65,8.8,8.59,8.62,8.7,-0.08,-0.9195,21645.32,18697.55
671,601127.SH,20200910,8.63,8.72,8.22,8.29,8.62,-0.33,-3.8283,28447.77,24021.766
670,601127.SH,20200911,8.33,8.41,8.29,8.35,8.29,0.06,0.7238,11967,10007.17
669,601127.SH,20200914,8.44,8.63,8.37,8.56,8.35,0.21,2.515,19210.84,16335.926
668,601127.SH,20200915,8.62,8.69,8.52,8.6,8.56,0.04,0.4673,16112.04,13885.418
667,601127.SH,20200916,8.68,8.68,8.57,8.64,8.6,0.04,0.4651,10231,8832.621
666,601127.SH,20200917,8.7,8.88,8.6,8.84,8.64,0.2,2.3148,32431.44,28419.358
665,601127.SH,20200918,8.78,9.19,8.77,8.99,8.84,0.15,1.6968,59517.05,53636.63
664,601127.SH,20200921,8.94,9.2,8.92,9.02,8.99,0.03,0.3337,37414.43,33783.143
663,601127.SH,20200922,9.04,9.34,8.92,8.93,9.02,-0.09,-0.9978,47178.29,42968.332
662,601127.SH,20200923,8.99,9.08,8.74,8.78,8.93,-0.15,-1.6797,31991.44,28259.543
661,601127.SH,20200924,8.75,8.75,8.39,8.43,8.78,-0.35,-3.9863,33732.34,28771.041
660,601127.SH,20200925,8.49,8.57,8.35,8.47,8.43,0.04,0.4745,14349.51,12100.288
659,601127.SH,20200928,8.44,8.6,8.22,8.26,8.47,-0.21,-2.4793,19452,16226.828
658,601127.SH,20200929,8.28,8.45,8.2,8.37,8.26,0.11,1.3317,14397.11,12030.998
657,601127.SH,20200930,8.37,8.46,8.26,8.35,8.37,-0.02,-0.2389,11908,9944.782
656,601127.SH,20201009,8.59,8.65,8.45,8.59,8.35,0.24,2.8743,18173.32,15578.759
655,601127.SH,20201012,8.68,9.19,8.68,9.06,8.59,0.47,5.4715,66446.18,59820.718
654,601127.SH,20201013,9.09,9.97,9.01,9.81,9.06,0.75,8.2781,226356.06,218357.98
653,601127.SH,20201014,9.5,9.6,9.12,9.25,9.81,-0.56,-5.7085,142617.16,133653.902
652,601127.SH,20201015,9.36,9.85,9.3,9.51,9.25,0.26,2.8108,120480.66,115905.864
651,601127.SH,20201016,9.48,9.65,9.34,9.42,9.51,-0.09,-0.9464,60565.59,57401.876
650,601127.SH,20201019,9.4,9.57,9.17,9.19,9.42,-0.23,-2.4416,49784.07,46302.755
649,601127.SH,20201020,9.23,9.62,9.15,9.5,9.19,0.31,3.3732,66467,62527.467
648,601127.SH,20201021,9.55,9.63,9.34,9.5,9.5,0,0,66428,63043.827
647,601127.SH,20201022,9.43,9.49,9.2,9.43,9.5,-0.07,-0.7368,58758.67,54876.979
646,601127.SH,20201023,9.42,9.71,9.26,9.3,9.43,-0.13,-1.3786,57781.6,54630.72
645,601127.SH,20201026,9.3,9.37,9.05,9.13,9.3,-0.17,-1.828,51083,46875.344
644,601127.SH,20201027,9.13,9.19,8.85,8.95,9.13,-0.18,-1.9715,39960,35863.591
643,601127.SH,20201028,8.95,9.11,8.83,8.87,8.95,-0.08,-0.8939,42696,38238.291
642,601127.SH,20201029,8.72,9.12,8.64,8.98,8.87,0.11,1.2401,50164.94,44694.781
641,601127.SH,20201030,8.95,9.3,8.7,8.76,8.98,-0.22,-2.4499,69300.77,62337.897
640,601127.SH,20201102,8.75,9.02,8.47,8.81,8.76,0.05,0.5708,71607.63,62856.09
639,601127.SH,20201103,8.98,9.33,8.82,8.92,8.81,0.11,1.2486,67087.9,60386.773
638,601127.SH,20201104,8.99,9.35,8.92,9.15,8.92,0.23,2.5785,86509,79075.274
637,601127.SH,20201105,9.45,10.07,9.22,10.07,9.15,0.92,10.0546,172023.49,166534.933
636,601127.SH,20201106,10.67,11.07,10.1,10.18,10.07,0.11,1.0924,298082.04,314146.038
635,601127.SH,20201109,10.3,10.3,9.8,10.1,10.18,-0.08,-0.7859,165974.96,167185.526
634,601127.SH,20201110,9.97,10.24,9.8,9.93,10.1,-0.17,-1.6832,106145.63,105721.392
633,601127.SH,20201111,9.81,9.9,9.55,9.57,9.93,-0.36,-3.6254,81308.78,78975.415
632,601127.SH,20201112,9.67,9.74,9.35,9.46,9.57,-0.11,-1.1494,82062.35,78068.506
631,601127.SH,20201113,9.64,10.05,9.47,9.82,9.46,0.36,3.8055,112972.23,110110.593
630,601127.SH,20201116,10,10.8,9.88,10.8,9.82,0.98,9.9796,175817.71,181951.132
629,601127.SH,20201117,11.47,11.88,11.16,11.88,10.8,1.08,10,124481.78,146118.042
628,601127.SH,20201118,12.6,13.07,12.56,13.07,11.88,1.19,10.0168,173436.31,221514.498
627,601127.SH,20201119,14.38,14.38,13.2,13.41,13.07,0.34,2.6014,848109.08,1196511.264
626,601127.SH,20201120,14.47,14.75,14.36,14.75,13.41,1.34,9.9925,363649.25,534085.071
625,601127.SH,20201123,16.23,16.23,16.23,16.23,14.75,1.48,10.0339,46095.22,74812.542
624,601127.SH,20201124,17.85,17.85,17.7,17.85,16.23,1.62,9.9815,229005.71,408721.681
623,601127.SH,20201125,18.2,19.64,18.2,19.64,17.85,1.79,10.028,406129.71,773166.376
622,601127.SH,20201126,20,20.31,17.8,19.8,19.64,0.16,0.8147,849559.85,1629308.169
621,601127.SH,20201127,19.5,21.7,17.97,18,19.8,-1.8,-9.0909,847911.75,1652954.902
620,601127.SH,20201130,18.3,19.8,18.2,19,18,1,5.5556,821386.51,1588600.592
619,601127.SH,20201201,18.21,20.9,17.5,20.9,19,1.9,10,758585.4,1495151.443
618,601127.SH,20201202,22.2,22.99,22.2,22.99,20.9,2.09,10,390767.2,889183.615
617,601127.SH,20201203,23.72,24.38,20.69,20.69,22.99,-2.3,-10.0043,970527.08,2145901.25
616,601127.SH,20201204,18.62,18.8,18.62,18.62,20.69,-2.07,-10.0048,185818,346016.403
615,601127.SH,20201207,17,17.95,16.76,17.46,18.62,-1.16,-6.2299,774494.53,1337051.523
614,601127.SH,20201208,17.47,17.97,16.84,17.49,17.46,0.03,0.1718,641299.96,1118698.965
613,601127.SH,20201209,17.28,18.23,16.9,17.36,17.49,-0.13,-0.7433,551287.29,967515.587
612,601127.SH,20201210,16.85,16.86,15.8,15.95,17.36,-1.41,-8.1221,549858.16,888804.249
611,601127.SH,20201211,16.07,16.4,15.25,16.19,15.95,0.24,1.5047,462728.83,735165.396
610,601127.SH,20201214,16.39,17.81,15.98,17.81,16.19,1.62,10.0062,728254.94,1252711.335
609,601127.SH,20201215,18.02,19.59,17.91,19.59,17.81,1.78,9.9944,911410.5,1737542.751
608,601127.SH,20201216,19.69,19.7,17.63,17.63,19.59,-1.96,-10.0051,260997.07,476584.998
607,601127.SH,20201217,15.87,17.26,15.87,16.9,17.63,-0.73,-4.1407,828118.36,1363566.912
606,601127.SH,20201218,16.06,17.97,15.96,17,16.9,0.1,0.5917,670157.42,1144423.581
605,601127.SH,20201221,16.93,18.3,16.3,17.57,17,0.57,3.3529,692617.17,1189423.585
604,601127.SH,20201222,17.05,17.19,16.18,16.18,17.57,-1.39,-7.9112,593660.17,990857.422
603,601127.SH,20201223,15.8,16.95,15.65,16.34,16.18,0.16,0.9889,467321.25,770267.604
602,601127.SH,20201224,15.91,16.18,15.19,15.44,16.34,-0.9,-5.508,426384.43,661912.565
601,601127.SH,20201225,15.46,16.98,14.85,16.98,15.44,1.54,9.9741,597620.56,954498.89
600,601127.SH,20201228,17.65,17.89,16.5,16.63,16.98,-0.35,-2.0612,596856.61,1015697.659
599,601127.SH,20201229,16.53,16.78,15.01,15.17,16.63,-1.46,-8.7793,494679.31,777141.47
598,601127.SH,20201230,15.24,16.1,15.04,15.53,15.17,0.36,2.3731,414251.55,648054.33
597,601127.SH,20201231,15.61,17.08,15.61,17.08,15.53,1.55,9.9807,772769.6,1308035.031
596,601127.SH,20210104,16.54,18.19,15.98,17.19,17.08,0.11,0.644,873241.56,1494612.863
595,601127.SH,20210105,17.9,18.6,16.5,16.55,17.19,-0.64,-3.7231,763976.94,1325746.781
594,601127.SH,20210106,15.83,16.8,15.56,15.68,16.55,-0.87,-5.2568,512627.96,815075.254
593,601127.SH,20210107,15.57,16.48,15.06,15.95,15.68,0.27,1.7219,430655.91,681480.261
592,601127.SH,20210108,16.51,16.59,15.5,15.64,15.95,-0.31,-1.9436,331876.47,528530.481
591,601127.SH,20210111,15.55,16.12,15.18,15.28,15.64,-0.36,-2.3018,292718.26,455211.451
590,601127.SH,20210112,15.28,15.28,14.1,14.78,15.28,-0.5,-3.2723,299303.73,438739.403
589,601127.SH,20210113,14.7,15.27,14.17,14.4,14.78,-0.38,-2.571,285324.47,418229.085
588,601127.SH,20210114,14,14.23,13.33,13.39,14.4,-1.01,-7.0139,288399.11,392598.245
587,601127.SH,20210115,13.15,13.61,12.93,13.4,13.39,0.01,0.0747,216455.08,286975.371
586,601127.SH,20210118,13.32,13.57,13.01,13.26,13.4,-0.14,-1.0448,200718.56,267708.95
585,601127.SH,20210119,13.49,13.93,13.14,13.48,13.26,0.22,1.6591,247133.65,334347.22
584,601127.SH,20210120,13.45,14.32,13.35,13.76,13.48,0.28,2.0772,253698.48,351736.683
583,601127.SH,20210121,13.55,14.14,12.96,13.93,13.76,0.17,1.2355,298859.5,409604.185
582,601127.SH,20210122,13.72,15.32,13.61,15.32,13.93,1.39,9.9785,519500.94,774026.563
581,601127.SH,20210125,15,16.3,14.5,15.37,15.32,0.05,0.3264,607692.27,936803.402
580,601127.SH,20210126,16.9,16.91,15.58,16.91,15.37,1.54,10.0195,674835.01,1112634.116
579,601127.SH,20210127,18.39,18.6,18.01,18.6,16.91,1.69,9.9941,248270.79,456997.234
578,601127.SH,20210128,18.6,20.46,18.06,20.46,18.6,1.86,10,901193.91,1774686.908
577,601127.SH,20210129,19.7,20.18,18.41,18.41,20.46,-2.05,-10.0196,347012.47,663847.583
576,601127.SH,20210201,16.57,17.47,16.57,16.57,18.41,-1.84,-9.9946,483166.03,806095.149
575,601127.SH,20210202,16.27,16.38,15.23,15.3,16.57,-1.27,-7.6645,628372.82,984939.952
574,601127.SH,20210203,15.25,15.75,14.66,15.02,15.3,-0.28,-1.8301,515332.11,786305.306
573,601127.SH,20210204,14.7,14.86,13.85,14.12,15.02,-0.9,-5.992,434998.69,623321.64
572,601127.SH,20210205,14.22,14.32,13.3,13.32,14.12,-0.8,-5.6657,299278.71,412690.992
571,601127.SH,20210208,13.39,13.66,13.19,13.35,13.32,0.03,0.2252,298201.21,399241.425
570,601127.SH,20210209,13.36,13.55,13.01,13.52,13.35,0.17,1.2734,259713.11,347489.219
569,601127.SH,20210210,13.93,14.2,13.1,13.21,13.52,-0.31,-2.2929,335385.86,453501.736
568,601127.SH,20210218,13.05,14.52,13.05,14.22,13.21,1.01,7.6457,445532.33,619687.228
567,601127.SH,20210219,14.65,15.64,14.45,15.64,14.22,1.42,9.9859,322519.82,492495.013
566,601127.SH,20210222,15.8,16.32,14.81,15.09,15.64,-0.55,-3.5166,578660.67,892607.302
565,601127.SH,20210223,15.1,16.6,14.71,16.6,15.09,1.51,10.0066,390068.95,622903.939
564,601127.SH,20210224,16.7,18.26,16.7,18.26,16.6,1.66,10,781172.99,1404064.366
563,601127.SH,20210225,17.35,18.92,17.16,17.58,18.26,-0.68,-3.724,653047.17,1169478.746
562,601127.SH,20210226,17.22,19.34,17.22,19.2,17.58,1.62,9.215,787175.49,1482569.278
561,601127.SH,20210301,18.65,20.08,17.91,19.47,19.2,0.27,1.4063,760460.84,1439183.285
560,601127.SH,20210302,19.11,19.58,18.12,18.49,19.47,-0.98,-5.0334,401074.48,752945.712
559,601127.SH,20210303,18.2,20.34,18.15,20.34,18.49,1.85,10.0054,382072.98,753624.92
558,601127.SH,20210304,21.18,22.37,20.9,22.37,20.34,2.03,9.9803,506694.89,1115626.485
557,601127.SH,20210305,21.85,23.8,21.2,23.25,22.37,0.88,3.9338,592086.08,1330682.827
556,601127.SH,20210308,22.82,23.5,21.46,21.57,23.25,-1.68,-7.2258,447365.33,994138.509
555,601127.SH,20210309,22.02,22.39,19.41,19.41,21.57,-2.16,-10.0139,430929.91,855101.924
554,601127.SH,20210310,19.1,19.28,17.75,17.85,19.41,-1.56,-8.0371,430577.61,788705.409
553,601127.SH,20210311,18.02,19.64,17.18,19.2,17.85,1.35,7.563,609426.94,1146922.749
552,601127.SH,20210312,19.85,21.12,19.8,20.52,19.2,1.32,6.875,690778.31,1441881.924
551,601127.SH,20210315,19.33,20.16,18.5,19.85,20.52,-0.67,-3.2651,425644.89,828872.979
550,601127.SH,20210316,20,21.84,19.58,21.84,19.85,1.99,10.0252,495280.07,1028496.293
549,601127.SH,20210317,21.96,23.66,21.5,22.6,21.84,0.76,3.4799,513890.58,1163955.649
548,601127.SH,20210318,22.7,23.5,21.54,21.97,22.6,-0.63,-2.7876,448757,1005678.185
547,601127.SH,20210319,21.36,22.66,21.08,22.35,21.97,0.38,1.7296,375228.04,823081.374
546,601127.SH,20210322,22.3,24.59,22.1,24.59,22.35,2.24,10.0224,369228.28,876724.035
545,601127.SH,20210323,25.8,26.08,23.57,24.5,24.59,-0.09,-0.366,503471.55,1243917.247
544,601127.SH,20210324,24.08,25.47,23.58,25.18,24.5,0.68,2.7755,430654.66,1054690.061
543,601127.SH,20210325,24.43,26.12,22.66,22.82,25.18,-2.36,-9.3725,439109.85,1076588.078
542,601127.SH,20210326,23.18,25.1,23.18,24.6,22.82,1.78,7.8002,566780.25,1372165.005
541,601127.SH,20210329,24.07,24.3,22.37,22.8,24.6,-1.8,-7.3171,518039.33,1194286.373
540,601127.SH,20210330,22.93,23.18,20.97,22.94,22.8,0.14,0.614,437733.91,968222.29
539,601127.SH,20210331,22.94,24.26,22.94,23.25,22.94,0.31,1.3514,404903.53,960567.364
538,601127.SH,20210401,22.5,24.3,22.5,23.64,23.25,0.39,1.6774,423629.12,998280.792
537,601127.SH,20210402,23.55,24.13,22.41,22.45,23.64,-1.19,-5.0338,356129.72,823379.54
536,601127.SH,20210406,22.66,24.6,22.3,23.88,22.45,1.43,6.3697,429175.14,1017335.09
535,601127.SH,20210407,24.41,25.24,23.07,24.55,23.88,0.67,2.8057,435029.16,1044470.56
534,601127.SH,20210408,24.15,27.01,23.8,27.01,24.55,2.46,10.0204,495736.38,1265503.768
533,601127.SH,20210409,26.96,27.66,26,26.39,27.01,-0.62,-2.2954,395173.41,1060025.964
532,601127.SH,20210412,26.39,28.65,26.23,28.05,26.39,1.66,6.2903,424385.9,1176530.85
531,601127.SH,20210413,27.7,30.86,27.57,29.86,28.05,1.81,6.4528,481658.59,1437183.87
530,601127.SH,20210414,29.86,30.63,28.99,30.15,29.86,0.29,0.9712,360887.4,1074439.329
529,601127.SH,20210415,29.8,30.5,28.65,29.82,30.15,-0.33,-1.0945,320948.05,947624.262
528,601127.SH,20210416,30.26,31.91,28.59,29,29.82,-0.82,-2.7498,539804.99,1607799.646
527,601127.SH,20210419,31.9,31.9,31,31.9,29,2.9,10,276122.29,877856.616
526,601127.SH,20210420,35.09,35.09,35.09,35.09,31.9,3.19,10,144069.77,505540.823
525,601127.SH,20210421,36,36,31.58,31.58,35.09,-3.51,-10.0028,1003599.82,3302488.786
524,601127.SH,20210422,30.6,34.74,30.35,34.74,31.58,3.16,10.0063,955018.53,3193556.849
523,601127.SH,20210423,34.71,38.21,34.11,38.21,34.74,3.47,9.9885,549156.58,2048650.342
522,601127.SH,20210426,41.27,42.03,40,42.03,38.21,3.82,9.9974,400663.15,1670975.773
521,601127.SH,20210427,43,46.23,40,43.5,42.03,1.47,3.4975,1005337.61,4314565.156
520,601127.SH,20210428,42.4,47.85,42.05,47,43.5,3.5,8.046,1039154.62,4826912.719
519,601127.SH,20210429,46.5,47.3,42.5,44.05,47,-2.95,-6.2766,905641.64,4053158.595
518,601127.SH,20210430,43.61,48.46,43.61,48.46,44.05,4.41,10.0114,787145.71,3669903.706
517,601127.SH,20210506,50,53.31,49.8,53.31,48.46,4.85,10.0083,681210.63,3572427.467
516,601127.SH,20210507,53.66,56.78,50.7,55.69,53.31,2.38,4.4645,754606.81,4074663.069
515,601127.SH,20210510,55.3,61.26,55.17,61.26,55.69,5.57,10.0018,508974.69,3001645.543
514,601127.SH,20210511,63.79,67.39,59,61.39,61.26,0.13,0.2122,950439.29,6048058.979
513,601127.SH,20210512,61,64.88,59.53,63.4,61.39,2.01,3.2741,828506.97,5188421.94
512,601127.SH,20210513,62,62,57.06,57.7,63.4,-5.7,-8.9905,747056.68,4385652.453
511,601127.SH,20210514,60,60.66,56.52,58.32,57.7,0.62,1.0745,637179.73,3733365.032
510,601127.SH,20210517,58.2,63.84,57.05,60.49,58.32,2.17,3.7209,773252.49,4697033.775
509,601127.SH,20210518,59.81,66.54,59.59,66.54,60.49,6.05,10.0017,833628.22,5366452.378
508,601127.SH,20210519,68.99,69.54,62.75,64.03,66.54,-2.51,-3.7722,947903.15,6257154.201
507,601127.SH,20210520,60.13,61.3,57.63,57.63,64.03,-6.4,-9.9953,775921.48,4596110.583
506,601127.SH,20210521,56.8,59.5,55.55,57.67,57.63,0.04,0.0694,565179.87,3256329.245
505,601127.SH,20210524,57.15,57.2,52.37,54.2,57.67,-3.47,-6.017,732618.4,3968305.855
504,601127.SH,20210525,54.2,55.15,52.9,54.27,54.2,0.07,0.1292,538220.89,2906204.652
503,601127.SH,20210526,54,58.96,54,57.8,54.27,3.53,6.5045,741062.71,4169070.287
502,601127.SH,20210527,58,58.45,54.91,57.32,57.8,-0.48,-0.8304,491205.52,2789186.125
501,601127.SH,20210528,57.8,60.03,56.65,58.09,57.32,0.77,1.3433,513748.68,3006301.25
500,601127.SH,20210531,55,60.35,53.55,60.01,58.09,1.92,3.3052,616712.44,3515149.641
499,601127.SH,20210601,59,64.57,58.44,61.89,60.01,1.88,3.1328,630492.08,3927852.634
498,601127.SH,20210602,61.15,62.97,59.65,60.44,61.89,-1.45,-2.3429,408431.18,2499776.83
497,601127.SH,20210603,61.75,62.01,56.26,57,60.44,-3.44,-5.6916,458549.71,2692151.221
496,601127.SH,20210604,55.9,57.2,54.8,56,57,-1,-1.7544,288251.45,1611513.997
495,601127.SH,20210607,55.45,58.3,54.55,58.13,56,2.13,3.8036,337024.5,1905666.433
494,601127.SH,20210608,57.6,60.05,55.75,58.67,58.13,0.54,0.929,338156.12,1967329.774
493,601127.SH,20210609,57,61.35,56,61.11,58.67,2.44,4.1589,434621.75,2582870.492
492,601127.SH,20210610,60.18,63.58,60,61.2,61.11,0.09,0.1473,420569.42,2605559.12
491,601127.SH,20210611,60,67.32,58.01,67.32,61.2,6.12,10,594384.12,3776867.009
490,601127.SH,20210615,69,70.69,65,67.4,67.32,0.08,0.1188,566045.28,3861069.686
489,601127.SH,20210616,67.06,68.8,62.5,63.48,67.4,-3.92,-5.816,407459,2668411.786
488,601127.SH,20210617,63.98,65.8,61.8,65.8,63.48,2.32,3.6547,351141.86,2243401.613
487,601127.SH,20210618,66.8,72.38,66,72.38,65.8,6.58,10,381512.26,2669140.478
486,601127.SH,20210621,74.9,79.62,72,77.2,72.38,4.82,6.6593,559710.55,4306955.173
485,601127.SH,20210622,77.86,83.83,75.6,78.23,77.2,1.03,1.3342,547717.61,4384485.541
484,601127.SH,20210623,78.89,81.5,76.46,77.77,78.23,-0.46,-0.588,424359.49,3341273.4
483,601127.SH,20210624,78.55,81,75.63,79.22,77.77,1.45,1.8645,337593.26,2655233.212
482,601127.SH,20210625,79.01,79.01,73.3,75.3,79.22,-3.92,-4.9482,384223.04,2906320.608
481,601127.SH,20210628,74.36,76.35,73.68,74.99,75.3,-0.31,-0.4117,223977.02,1677214.057
480,601127.SH,20210629,75.99,76.4,67.49,70.09,74.99,-4.9,-6.5342,461380.38,3233298.832
479,601127.SH,20210630,69.15,70,65.05,66.67,70.09,-3.42,-4.8794,344375.38,2319676.119
478,601127.SH,20210701,67.8,68.42,65.84,67.07,66.67,0.4,0.6,304832.17,2057867.185
477,601127.SH,20210702,66.54,67.8,61.98,62.13,67.07,-4.94,-7.3654,325331.96,2081595.404
476,601127.SH,20210705,62.02,63.7,60.36,62.91,62.13,0.78,1.2554,318103.31,1977005.876
475,601127.SH,20210706,62.15,63.65,60.7,61.54,62.91,-1.37,-2.1777,243375.15,1508478.151
474,601127.SH,20210707,61.01,66.8,60.3,66.3,61.54,4.76,7.7348,355382.02,2278643.11
473,601127.SH,20210708,66,66,63.35,63.57,66.3,-2.73,-4.1176,243628.9,1562773.113
472,601127.SH,20210709,62.9,67.97,61.9,66.95,63.57,3.38,5.317,308162.89,2034664.381
471,601127.SH,20210712,69.99,73.65,69.99,73.65,66.95,6.7,10.0075,391544.74,2849903.369
470,601127.SH,20210713,73.65,77.03,70.05,74.86,73.65,1.21,1.6429,386233.26,2866610.228
469,601127.SH,20210714,74.84,74.85,67.58,67.87,74.86,-6.99,-9.3374,364176.42,2562282.166
468,601127.SH,20210715,67,69,65.3,67.45,67.87,-0.42,-0.6188,233620.44,1562080.099
467,601127.SH,20210716,67,67.99,65,65.23,67.45,-2.22,-3.2913,206314.99,1369398.646
466,601127.SH,20210719,63.89,65.52,62.88,63.21,65.23,-2.02,-3.0967,180552.36,1152285.352
465,601127.SH,20210720,62.56,66.89,62.36,66.62,63.21,3.41,5.3947,231540.16,1520068.463
464,601127.SH,20210721,66.09,68.77,66.06,66.41,66.62,-0.21,-0.3152,246705,1658523.17
463,601127.SH,20210722,66.53,66.99,61.76,63.71,66.41,-2.7,-4.0657,330202.59,2095394.367
462,601127.SH,20210723,63.15,65.95,62.13,62.99,63.71,-0.72,-1.1301,260890.57,1662636.097
461,601127.SH,20210726,61.99,63.14,57.27,58.05,62.99,-4.94,-7.8425,328972.7,1960631.038
460,601127.SH,20210727,58,59.88,56.6,56.7,58.05,-1.35,-2.3256,219458.18,1274107.729
459,601127.SH,20210728,56,57.59,52.71,55.8,56.7,-0.9,-1.5873,188647.97,1042308.651
458,601127.SH,20210729,57.5,57.88,55.84,57.38,55.8,1.58,2.8315,185146.98,1055017.995
457,601127.SH,20210730,57,59.5,55.8,58.11,57.38,0.73,1.2722,209604.59,1213224.692
456,601127.SH,20210802,59.43,62.89,59.43,61.06,58.11,2.95,5.0766,257211.17,1569180.947
455,601127.SH,20210803,61.08,61.08,56.55,57.25,61.06,-3.81,-6.2398,209454.56,1220979.564
454,601127.SH,20210804,56.65,62.5,56.65,60.92,57.25,3.67,6.4105,302929.19,1838372.714
453,601127.SH,20210805,59.99,62.28,59.3,61,60.92,0.08,0.1313,172012.94,1045405.251
452,601127.SH,20210806,62.26,62.38,57.65,59.19,61,-1.81,-2.9672,223777.28,1332068.777
451,601127.SH,20210809,58.19,62.84,56.88,61.79,59.19,2.6,4.3926,286206.79,1726217.901
450,601127.SH,20210810,62.76,63.08,60.67,62.01,61.79,0.22,0.356,177638.3,1095105.823
449,601127.SH,20210811,62,62.3,60,60.5,62.01,-1.51,-2.4351,120846.21,735922.092
448,601127.SH,20210812,60.15,63.63,59,61.33,60.5,0.83,1.3719,242668.36,1491771.942
447,601127.SH,20210813,60.46,60.9,58.61,59.01,61.33,-2.32,-3.7828,190640.38,1134543.269
446,601127.SH,20210816,58.17,58.85,55.67,55.69,59.01,-3.32,-5.6262,236663.8,1344173.278
445,601127.SH,20210817,55.15,56.4,52.41,52.59,55.69,-3.1,-5.5665,240729.18,1303376.123
444,601127.SH,20210818,52.47,53.48,51.66,53.2,52.59,0.61,1.1599,154886.44,817400.843
443,601127.SH,20210819,53.25,56.5,53.25,55.89,53.2,2.69,5.0564,215948.17,1199104.71
442,601127.SH,20210820,55.88,56.95,54.5,56.56,55.89,0.67,1.1988,152245.94,847265.723
441,601127.SH,20210823,57.5,62.22,57.34,62.22,56.56,5.66,10.0071,306519.11,1872148.54
440,601127.SH,20210824,64.68,66.66,63.66,65.35,62.22,3.13,5.0305,441380.96,2877931.855
439,601127.SH,20210825,66.05,69.58,64,66.9,65.35,1.55,2.3718,339122.55,2278102.38
438,601127.SH,20210826,67.12,69.01,65.92,66.25,66.9,-0.65,-0.9716,200319.99,1344881.011
437,601127.SH,20210827,66.3,72.88,66.3,72.88,66.25,6.63,10.0075,262377.99,1856865.342
436,601127.SH,20210830,71.6,74.67,70.6,71.75,72.88,-1.13,-1.5505,375425.46,2718681.721
435,601127.SH,20210831,70.94,76.64,70.94,74.6,71.75,2.85,3.9721,287622.83,2140674.478
434,601127.SH,20210901,73.58,76.5,71.98,74.31,74.6,-0.29,-0.3887,243366.67,1810146.859
433,601127.SH,20210902,73.33,78.8,73.25,75.98,74.31,1.67,2.2473,198121.78,1506520.829
432,601127.SH,20210903,75.16,77.5,72.5,77.43,75.98,1.45,1.9084,260728.68,1967512.097
431,601127.SH,20210906,76.66,76.89,71.62,74.12,77.43,-3.31,-4.2748,220818.35,1636367.132
430,601127.SH,20210907,74.5,81.27,74.11,79.3,74.12,5.18,6.9887,271535.64,2132102.457
429,601127.SH,20210908,79.74,81.83,77,79.31,79.3,0.01,0.0126,194830.95,1548956.988
428,601127.SH,20210909,79.29,80.31,76.66,77.5,79.31,-1.81,-2.2822,159994.62,1247294.78
427,601127.SH,20210910,77.72,78,74.01,74.97,77.5,-2.53,-3.2645,198778.49,1501736.934
426,601127.SH,20210913,76.23,76.9,72.8,75.71,74.97,0.74,0.9871,183517.75,1373274.262
425,601127.SH,20210914,75.72,81.88,74.9,79.56,75.71,3.85,5.0852,190803.55,1513937.568
424,601127.SH,20210915,80.5,81,77.35,79.98,79.56,0.42,0.5279,146346.86,1157124.954
423,601127.SH,20210916,78.88,80.5,76.11,79.11,79.98,-0.87,-1.0878,149830.7,1180306.87
422,601127.SH,20210917,79.08,81.99,75.11,75.7,79.11,-3.41,-4.3105,172106.8,1338706.019
421,601127.SH,20210922,73.47,75.28,72.3,72.4,75.7,-3.3,-4.3593,159374.38,1175787.554
420,601127.SH,20210923,73.84,74,70,70.3,72.4,-2.1,-2.9006,152973.68,1093568.788
419,601127.SH,20210924,70.49,71.6,68.71,69.4,70.3,-0.9,-1.2802,122756.26,857410.073
418,601127.SH,20210927,68,70,62.46,62.46,69.4,-6.94,-10,288730.8,1878955.098
417,601127.SH,20210928,62.4,62.45,59.48,60,62.46,-2.46,-3.9385,233358.36,1414584.479
416,601127.SH,20210929,60.65,60.77,56.8,58.23,60,-1.77,-2.95,171727.41,1000037.219
415,601127.SH,20210930,59.2,60.76,57.5,59.38,58.23,1.15,1.9749,151727.62,905578.201
414,601127.SH,20211008,60.96,60.96,58.47,59.44,59.38,0.06,0.101,126623.36,752195.667
413,601127.SH,20211011,58.6,63.5,57.5,60.51,59.44,1.07,1.8001,195139,1185817.435
412,601127.SH,20211012,59.94,62.4,58.16,59.19,60.51,-1.32,-2.1815,166682.21,1002806.567
411,601127.SH,20211013,58.89,62.79,58.71,61.49,59.19,2.3,3.8858,185854.58,1140298.375
410,601127.SH,20211014,61.08,62.5,59.65,60.15,61.49,-1.34,-2.1792,123796.99,749558.615
409,601127.SH,20211015,60.16,62.3,59.2,61.1,60.15,0.95,1.5794,165169.13,1012852.073
408,601127.SH,20211018,62.22,67.21,61.1,67.21,61.1,6.11,10,170923.65,1104409.697
407,601127.SH,20211019,69.2,71.88,66.67,67.73,67.21,0.52,0.7737,278001.74,1915453.543
406,601127.SH,20211020,67.73,74,66.4,71.45,67.73,3.72,5.4924,243510.9,1732891.232
405,601127.SH,20211021,72.85,72.85,69.39,69.8,71.45,-1.65,-2.3093,167233.39,1173865.067
404,601127.SH,20211022,69.8,70.97,68.6,69.01,69.8,-0.79,-1.1318,131916.58,918300.387
403,601127.SH,20211025,70,71.99,68.5,71.29,69.01,2.28,3.3039,147180.75,1035928.33
402,601127.SH,20211026,73.62,74.98,69.6,69.6,71.29,-1.69,-2.3706,176226.78,1248854.4
401,601127.SH,20211027,69.89,70.8,68.31,68.74,69.6,-0.86,-1.2356,105360.74,729332.988
400,601127.SH,20211028,68.05,68.7,65.35,65.69,68.74,-3.05,-4.437,128459.05,854822.18
399,601127.SH,20211029,65.88,67.68,65.65,67.67,65.69,1.98,3.0142,108969.93,727433.136
398,601127.SH,20211101,66.7,69.49,64.78,68.32,67.67,0.65,0.9605,138786.16,930770.408
397,601127.SH,20211102,67.9,70.5,66.99,68.34,68.32,0.02,0.0293,114337.24,786905.772
396,601127.SH,20211103,67.52,68.3,65.64,66.5,68.34,-1.84,-2.6924,116088.6,771539.97
395,601127.SH,20211104,67.79,69.85,67.03,68.35,66.5,1.85,2.782,126139.54,865525.438
394,601127.SH,20211105,67.62,70.16,66.5,67.4,68.35,-0.95,-1.3899,96449.11,657183.562
393,601127.SH,20211108,67.41,72.38,67.41,71.03,67.4,3.63,5.3858,174750.84,1236397.585
392,601127.SH,20211109,70.82,71.69,69.26,70.88,71.03,-0.15,-0.2112,119513.07,841784.954
391,601127.SH,20211110,69.9,69.9,64.96,65.38,70.88,-5.5,-7.7596,216600.15,1442777.05
390,601127.SH,20211111,65.3,65.3,61.11,61.82,65.38,-3.56,-5.4451,224245.46,1397627.067
389,601127.SH,20211112,61.85,62.45,60,62.39,61.82,0.57,0.922,135150.98,833512.218
388,601127.SH,20211115,62.99,63.64,61.02,61.3,62.39,-1.09,-1.7471,127926.91,792239.723
387,601127.SH,20211116,61.5,61.6,59.67,59.95,61.3,-1.35,-2.2023,125443.44,756406.888
386,601127.SH,20211117,60.41,61.74,59.18,61.56,59.95,1.61,2.6856,114072.45,696098.245
385,601127.SH,20211118,61.58,62.79,60.83,62.29,61.56,0.73,1.1858,99734.83,618221.647
384,601127.SH,20211119,62.5,63.53,60.73,62.1,62.29,-0.19,-0.305,114404.33,708950.133
383,601127.SH,20211122,62.99,67.99,62.52,65.54,62.1,3.44,5.5395,211649.16,1396099.115
382,601127.SH,20211123,64.88,66.29,63.79,66.29,65.54,0.75,1.1443,147476.44,961379.087
381,601127.SH,20211124,66.29,67.67,65.53,67.2,66.29,0.91,1.3728,152875.86,1020953.247
380,601127.SH,20211125,67.1,67.7,64.5,65.3,67.2,-1.9,-2.8274,128326.71,842075.794
379,601127.SH,20211126,65.5,66.53,64.52,66.39,65.3,1.09,1.6692,94398.28,619456.944
378,601127.SH,20211129,65,67.67,64.6,66.69,66.39,0.3,0.4519,117655.92,782201.399
377,601127.SH,20211130,68,72.58,67.5,69.64,66.69,2.95,4.4235,235466.67,1654263.288
376,601127.SH,20211201,69.64,69.64,65.75,67.36,69.64,-2.28,-3.274,163609.89,1101741.771
375,601127.SH,20211202,68.67,72.27,63.93,70.23,67.36,2.87,4.2607,303372.39,2068903.239
374,601127.SH,20211203,69,75.88,68.68,72.69,70.23,2.46,3.5028,309686.74,2265930.399
373,601127.SH,20211206,73.64,76,72.99,73.53,72.69,0.84,1.1556,246186.11,1838946.799
372,601127.SH,20211207,74.13,75.39,69.16,71.51,73.53,-2.02,-2.7472,191671.98,1373943.994
371,601127.SH,20211208,71.96,72.65,69.8,71.69,71.51,0.18,0.2517,128398.3,911608.316
370,601127.SH,20211209,71.42,73.6,70.7,71.5,71.69,-0.19,-0.265,109320.31,784275.07
369,601127.SH,20211210,70.84,71.48,67.7,69.08,71.5,-2.42,-3.3846,214290.68,1475782.781
368,601127.SH,20211213,68.18,75.99,67.9,75.99,69.08,6.91,10.0029,308548.27,2260131.16
367,601127.SH,20211214,75.99,77.15,73.3,73.8,75.99,-2.19,-2.882,231599.67,1732270.314
366,601127.SH,20211215,74.5,77.51,74.01,75.38,73.8,1.58,2.1409,160374.21,1217432.657
365,601127.SH,20211216,75,77.06,73.71,74.54,75.38,-0.84,-1.1144,106440.9,797728.622
364,601127.SH,20211217,74.6,74.99,72,72.14,74.54,-2.4,-3.2197,95887.99,702622.773
363,601127.SH,20211220,71.5,73.77,70.65,72.9,72.14,0.76,1.0535,116063.98,839349.301
362,601127.SH,20211221,72.95,77.77,72.4,75.3,72.9,2.4,3.2922,149872.12,1131608.019
361,601127.SH,20211222,76.51,77.5,73.19,76.17,75.3,0.87,1.1554,128658.61,966326.921
360,601127.SH,20211223,76.18,76.28,69.3,70.21,76.17,-5.96,-7.8246,257900.48,1845177.997
359,601127.SH,20211224,70.68,71.96,63.19,63.19,70.21,-7.02,-9.9986,313131.34,2032661.116
358,601127.SH,20211227,60,61.43,57,57.45,63.19,-5.74,-9.0837,345919.89,2026159.527
357,601127.SH,20211228,58.31,58.98,55.52,57.85,57.45,0.4,0.6963,260258.42,1489279.649
356,601127.SH,20211229,57.75,57.75,56.01,56.68,57.85,-1.17,-2.0225,144240.8,819000.237
355,601127.SH,20211230,56.99,57,54.38,55.66,56.68,-1.02,-1.7996,215400.48,1194203.717
354,601127.SH,20211231,55.5,59.55,55.09,59.55,55.66,3.89,6.9889,241856.05,1389736.035
353,601127.SH,20220104,59.58,60.5,57.25,57.57,59.55,-1.98,-3.3249,162104.37,942534.93
352,601127.SH,20220105,57.91,59.3,55.7,57.4,57.57,-0.17,-0.2953,141113.78,813851.059
351,601127.SH,20220106,56.54,56.54,53,55.1,57.4,-2.3,-4.007,167261.32,914931.221
350,601127.SH,20220107,54.36,54.98,52.5,52.56,55.1,-2.54,-4.6098,137048.11,732561.826
349,601127.SH,20220110,52,53.48,50.8,52.63,52.56,0.07,0.1332,95485.35,500001.124
348,601127.SH,20220111,52.62,52.81,48.3,48.83,52.63,-3.8,-7.2202,253222.22,1262251.712
347,601127.SH,20220112,49.5,49.99,48.33,49.16,48.83,0.33,0.6758,149176.42,731972.518
346,601127.SH,20220113,49.07,49.38,46.62,46.62,49.16,-2.54,-5.1668,173764.34,829276.761
345,601127.SH,20220114,46.02,47.13,45.08,45.09,46.62,-1.53,-3.2819,195300.88,895195.005
344,601127.SH,20220117,45.09,47.49,43.64,47.21,45.09,2.12,4.7017,227247.12,1047079.245
343,601127.SH,20220118,45.75,51.93,44.82,51.93,47.21,4.72,9.9979,330668.82,1643943.546
342,601127.SH,20220119,52.9,56.99,51.65,54,51.93,2.07,3.9861,353281.96,1912070.438
341,601127.SH,20220120,54.33,54.33,50.59,51.72,54,-2.28,-4.2222,208636.01,1089781.708
340,601127.SH,20220121,51.86,52.03,49.41,49.94,51.72,-1.78,-3.4416,124499.45,627331.625
339,601127.SH,20220124,49.7,51.74,48.8,51.27,49.94,1.33,2.6632,132259.31,664235.359
338,601127.SH,20220125,50.84,51.6,48.8,48.97,51.27,-2.3,-4.4861,98330.54,491355.875
337,601127.SH,20220126,48.97,49.68,47.55,48.58,48.97,-0.39,-0.7964,77749.18,377447.114
336,601127.SH,20220127,48.88,49.29,46.16,46.25,48.58,-2.33,-4.7962,97875.72,461574.869
335,601127.SH,20220128,46,47.55,43.68,45.81,46.25,-0.44,-0.9514,170083.57,775432.894
334,601127.SH,20220207,47,48.89,45.43,46.06,45.81,0.25,0.5457,118102.75,553637.677
333,601127.SH,20220208,45,46.7,44.11,45.07,46.06,-0.99,-2.1494,105769.22,476779.005
332,601127.SH,20220209,45.06,47.29,44.5,45.52,45.07,0.45,0.9984,102453.71,470258.753
331,601127.SH,20220210,45.9,45.97,43.66,43.99,45.52,-1.53,-3.3612,128556.35,568292.791
330,601127.SH,20220211,43.45,44.24,42,42.15,43.99,-1.84,-4.1828,111335.91,478720.813
329,601127.SH,20220214,41.87,42.39,40.61,41.15,42.15,-1,-2.3725,149965.8,619888.024
328,601127.SH,20220215,41.31,43.78,40.75,43.3,41.15,2.15,5.2248,185509.89,786879.803
327,601127.SH,20220216,43.33,45.23,42.8,44.23,43.3,0.93,2.1478,142129.87,627080.47
326,601127.SH,20220217,44.2,45.95,43.2,44.47,44.23,0.24,0.5426,118795.82,528904.708
325,601127.SH,20220218,43.59,47.18,43.52,45.9,44.47,1.43,3.2157,165847.21,755120.302
324,601127.SH,20220221,45.82,46.3,44.44,45.49,45.9,-0.41,-0.8932,117478.31,532395.83
323,601127.SH,20220222,44.9,46.36,44.31,45.26,45.49,-0.23,-0.5056,110961.48,505403.398
322,601127.SH,20220223,45,47.45,44.97,46.89,45.26,1.63,3.6014,135209.71,632084.717
321,601127.SH,20220224,46.4,46.8,43.36,44.08,46.89,-2.81,-5.9927,169155.87,758493.56
320,601127.SH,20220225,44.73,47.2,44.73,45.55,44.08,1.47,3.3348,178902.32,823608.925
319,601127.SH,20220228,45,45.98,44.16,45.21,45.55,-0.34,-0.7464,99006.03,442921.15
318,601127.SH,20220301,45.8,46.1,43.7,44.99,45.21,-0.22,-0.4866,110199.53,492563.615
317,601127.SH,20220302,44.1,44.51,43.5,44.13,44.99,-0.86,-1.9115,82616.17,362471.543
316,601127.SH,20220303,44.2,44.41,42.5,42.7,44.13,-1.43,-3.2404,98196.8,422930.384
315,601127.SH,20220304,42.9,43.81,42,43.22,42.7,0.52,1.2178,91558.46,394583.793
314,601127.SH,20220307,42.5,42.93,40.9,41.53,43.22,-1.69,-3.9102,106365.35,442869.916
313,601127.SH,20220308,40.88,41.61,38.31,38.49,41.53,-3.04,-7.32,145343.23,573047.036
312,601127.SH,20220309,38.5,41.5,37.62,41.35,38.49,2.86,7.4305,238065.63,959867.027
311,601127.SH,20220310,42.08,42.34,40.71,40.8,41.35,-0.55,-1.3301,128280.15,530630.88
310,601127.SH,20220311,39.83,42.26,38.5,41.56,40.8,0.76,1.8627,126505.23,516582.887
309,601127.SH,20220314,41.2,42.2,40.43,40.7,41.56,-0.86,-2.0693,85530.41,352891.951
308,601127.SH,20220315,40.3,40.87,39,39.46,40.7,-1.24,-3.0467,137370.09,545291.906
307,601127.SH,20220316,40,43.41,39.6,43.41,39.46,3.95,10.0101,287954.77,1194331.527
306,601127.SH,20220317,43.65,44.88,42.49,43.65,43.41,0.24,0.5529,228078.86,1000649.522
305,601127.SH,20220318,43.04,45.36,42.99,44.61,43.65,0.96,2.1993,163317.45,726714.791
304,601127.SH,20220321,45,45.8,44,44.55,44.61,-0.06,-0.1345,132654.68,595646.258
303,601127.SH,20220322,44.18,45.13,43.71,44.83,44.55,0.28,0.6285,103163.84,459091.944
302,601127.SH,20220323,45.15,45.15,42.95,43.26,44.83,-1.57,-3.5021,153713.83,671442.722
301,601127.SH,20220324,42.77,42.81,39.99,40.9,43.26,-2.36,-5.4554,189193.27,779205.187
300,601127.SH,20220325,40.73,40.78,39.5,39.66,40.9,-1.24,-3.0318,166044.57,665730.755
299,601127.SH,20220328,40.22,43.63,39.39,43.24,39.66,3.58,9.0267,288785.33,1220009.667
298,601127.SH,20220329,42.95,43.59,41.5,41.81,43.24,-1.43,-3.3071,154867.3,657250.317
297,601127.SH,20220330,42,43.5,41.35,43.17,41.81,1.36,3.2528,136190.76,583193.834
296,601127.SH,20220331,42.98,45.2,42.41,43.05,43.17,-0.12,-0.278,135903.14,591858.629
295,601127.SH,20220401,43.34,46.45,43,45.21,43.05,2.16,5.0174,229899.63,1037774.718
294,601127.SH,20220406,45.69,45.78,44.12,44.71,45.21,-0.5,-1.106,133298.79,594897.668
293,601127.SH,20220407,44.1,45.52,41.97,41.97,44.71,-2.74,-6.1284,156655.29,678994.813
292,601127.SH,20220408,41.97,42.76,41.16,42.05,41.97,0.08,0.1906,85498.17,359352.84
291,601127.SH,20220411,41.5,41.99,39.69,40.03,42.05,-2.02,-4.8038,140439.35,563464.668
290,601127.SH,20220412,40,43.09,39.6,42.89,40.03,2.86,7.1446,164929.99,695494.474
289,601127.SH,20220413,42.33,42.89,41.27,41.35,42.89,-1.54,-3.5906,91620.91,383866.817
288,601127.SH,20220414,42.3,42.8,41.35,41.4,41.35,0.05,0.1209,98726.5,412742.992
287,601127.SH,20220415,40.7,40.9,39.7,40.13,41.4,-1.27,-3.0676,112821.11,452868.317
286,601127.SH,20220418,40.91,44.14,40.51,44.14,40.13,4.01,9.9925,273835.44,1180720.729
285,601127.SH,20220419,44.8,45.45,42.42,43.26,44.14,-0.88,-1.9937,207430.23,907417.394
284,601127.SH,20220420,43.26,44.3,42.52,43.19,43.26,-0.07,-0.1618,127933.99,555403.028
283,601127.SH,20220421,42.57,43.23,40.81,40.98,43.19,-2.21,-5.1169,148456.53,616913.045
282,601127.SH,20220422,40.8,42.32,40.1,41.39,40.98,0.41,1.0005,106041.59,437605.777
281,601127.SH,20220425,41,43,40.08,40.37,41.39,-1.02,-2.4644,157596.53,652324.773
280,601127.SH,20220426,40.72,41.3,36.33,36.33,40.37,-4.04,-10.0074,266979.03,1026562.783
279,601127.SH,20220427,33.1,37.42,32.7,36.68,36.33,0.35,0.9634,337112.61,1161942.801
278,601127.SH,20220428,36,37.3,34.98,36.1,36.68,-0.58,-1.5812,173826.87,626082.704
277,601127.SH,20220429,36.53,39.41,36.36,38.87,36.1,2.77,7.6731,188186.1,711653.548
276,601127.SH,20220505,39.3,40.88,38.73,39.62,38.87,0.75,1.9295,152866,608684.379
275,601127.SH,20220506,38.2,39.4,37.8,37.94,39.62,-1.68,-4.2403,120937.82,464263.601
274,601127.SH,20220509,37.35,38.19,36.36,36.44,37.94,-1.5,-3.9536,105841.09,391777.675
273,601127.SH,20220510,35.64,37.36,34.85,37.31,36.44,0.87,2.3875,91056.83,332488.949
272,601127.SH,20220511,37.31,41.04,37.08,40.01,37.31,2.7,7.2367,301752.74,1213635.819
271,601127.SH,20220512,39.24,40,38.8,39.31,40.01,-0.7,-1.7496,170890.79,671501.487
270,601127.SH,20220513,39.61,43.24,39.57,43.24,39.31,3.93,9.9975,289665.71,1228740.818
269,601127.SH,20220516,44.65,47.3,44.06,45.58,43.24,2.34,5.4117,394582.38,1794569.843
268,601127.SH,20220517,44.99,49.97,44.85,48.16,45.58,2.58,5.6604,366829.4,1770407.646
267,601127.SH,20220518,48,49.8,47.03,47.39,48.16,-0.77,-1.5988,315698.57,1522357.692
266,601127.SH,20220519,46.49,47.66,46.13,47.13,47.39,-0.26,-0.5486,199512.41,936018.914
265,601127.SH,20220520,47.32,48.57,46.69,47.38,47.13,0.25,0.5304,159634.64,758484.002
264,601127.SH,20220523,46.8,48.58,46.28,47.92,47.38,0.54,1.1397,205242.32,975503.879
263,601127.SH,20220524,48.39,49.07,44.78,45.06,47.92,-2.86,-5.9683,257220.96,1204442.13
262,601127.SH,20220525,45.22,46.28,43.67,46.17,45.06,1.11,2.4634,184793.51,833909.361
261,601127.SH,20220526,46.15,47.48,45.21,46.98,46.17,0.81,1.7544,141085.81,653966.355
260,601127.SH,20220527,47,48.5,45.97,47.23,46.98,0.25,0.5321,194041.78,918959.262
259,601127.SH,20220530,48.43,51.95,47.21,51.95,47.23,4.72,9.9936,461799.29,2322393.377
258,601127.SH,20220531,52,55.37,51.55,52.54,51.95,0.59,1.1357,389989.72,2081778.122
257,601127.SH,20220601,52.99,57.79,51.91,57.79,52.54,5.25,9.9924,352839.15,1967483.552
256,601127.SH,20220602,58.02,63.57,58,63.57,57.79,5.78,10.0017,293202.02,1783083.756
255,601127.SH,20220606,67.99,69.93,66,69.25,63.57,5.68,8.935,590640.88,4058883.359
254,601127.SH,20220607,68.21,69.95,64.88,66.6,69.25,-2.65,-3.8267,511726.59,3437721.836
253,601127.SH,20220608,66.71,67.8,64.01,66.68,66.6,0.08,0.1201,463204.63,3058941.057
252,601127.SH,20220609,66.08,68.18,64,65.02,66.68,-1.66,-2.4895,335904.87,2218833.739
251,601127.SH,20220610,64.67,71.52,64.52,71.52,65.02,6.5,9.9969,416397.51,2875345.079
250,601127.SH,20220613,71.99,73.49,67.59,69,71.52,-2.52,-3.5235,505636.21,3559571.035
249,601127.SH,20220614,67,69,63.58,67.03,69,-1.97,-2.8551,575265.69,3793061.015
248,601127.SH,20220615,67,70.43,66.2,66.74,67.03,-0.29,-0.4326,477879.07,3272041.158
247,601127.SH,20220616,67.2,73.25,67.2,70.38,66.74,3.64,5.454,449395.91,3170385.078
246,601127.SH,20220617,69.11,75.9,68.45,74.4,70.38,4.02,5.7118,438541.52,3187306.757
245,601127.SH,20220620,76.1,77.66,70.6,72.01,74.4,-2.39,-3.2124,430590.43,3158293.223
244,601127.SH,20220621,71.88,72.27,69.4,70.86,72.01,-1.15,-1.597,254658.66,1791407.077
243,601127.SH,20220622,71.98,73.32,70.21,70.3,70.86,-0.56,-0.7903,265404.68,1907385.853
242,601127.SH,20220623,72.36,77.33,71.04,77.33,70.3,7.03,10,389268.66,2918438.335
241,601127.SH,20220624,79.9,85.06,79.1,85.06,77.33,7.73,9.9961,359590.21,2949114.025
240,601127.SH,20220627,86.5,86.86,80.18,82.28,85.06,-2.78,-3.2683,522013.88,4323470.122
239,601127.SH,20220628,82.72,90.5,80.32,87.75,82.28,5.47,6.648,508078.43,4313262.377
238,601127.SH,20220629,85.19,86.44,78.98,78.98,87.75,-8.77,-9.9943,469969.5,3825006.592
237,601127.SH,20220630,77.2,84.2,77.2,81.09,78.98,2.11,2.6716,394285.51,3218856.784
236,601127.SH,20220701,81.33,86.91,79.14,84.52,81.09,3.43,4.2299,409837.16,3418711.849
235,601127.SH,20220704,85,85.82,76.81,83.01,84.52,-1.51,-1.7866,422316.09,3421217.618
234,601127.SH,20220705,84.87,89,78.01,78.94,83.01,-4.07,-4.903,582127.83,4877522.346
233,601127.SH,20220706,77,78.44,74.95,77.6,78.94,-1.34,-1.6975,412287.19,3153666
232,601127.SH,20220707,77.8,82.99,77.02,81.33,77.6,3.73,4.8067,416363.41,3365403.686
231,601127.SH,20220708,82.3,82.45,78.1,78.49,81.33,-2.84,-3.4919,243749.52,1937390.725
230,601127.SH,20220711,77.85,77.99,73.3,74.5,78.49,-3.99,-5.0835,287755.36,2160633.786
229,601127.SH,20220712,75.9,76.61,72.79,74.7,74.5,0.2,0.2685,236085.33,1766493.575
228,601127.SH,20220713,74.01,75.9,72,73.91,74.7,-0.79,-1.0576,207977.35,1544865.697
227,601127.SH,20220714,73.12,76.73,72.8,75.6,73.91,1.69,2.2866,221388.84,1671683.316
226,601127.SH,20220715,75,78.86,73.88,73.94,75.6,-1.66,-2.1958,284798.68,2182729.421
225,601127.SH,20220718,74.51,77.68,74.08,75.2,73.94,1.26,1.7041,216648.3,1641255.952
224,601127.SH,20220719,75.42,76.68,73.33,73.92,75.2,-1.28,-1.7021,190267.02,1420222.429
223,601127.SH,20220720,73.13,74.36,72.47,73.23,73.92,-0.69,-0.9334,152721.25,1117229.808
222,601127.SH,20220721,73,73.47,70.55,71.01,73.23,-2.22,-3.0315,170398.21,1222077.812
221,601127.SH,20220722,71,72.8,70.93,72.06,71.01,1.05,1.4787,152155.33,1095191.741
220,601127.SH,20220725,71.3,73.1,69.1,72.88,72.06,0.82,1.1379,179828.26,1286020.524
219,601127.SH,20220726,73.01,75.7,72.29,73.65,72.88,0.77,1.0565,211968.03,1566498.708
218,601127.SH,20220727,72.62,74.32,71.52,73,73.65,-0.65,-0.8826,136317.22,992573.633
217,601127.SH,20220728,74.2,75.55,71.5,73.42,73,0.42,0.5753,218524.94,1612494.541
216,601127.SH,20220729,73,78.86,72.4,76.4,73.42,2.98,4.0588,280940.39,2116798.46
215,601127.SH,20220801,75.9,81.58,74.91,81.03,76.4,4.63,6.0602,407049.73,3192962.625
214,601127.SH,20220802,78,78.18,74.56,74.56,81.03,-6.47,-7.9847,337438.78,2572991.855
213,601127.SH,20220803,75,77.24,70.12,70.91,74.56,-3.65,-4.8954,314154.58,2328773.736
212,601127.SH,20220804,71.08,72,66.14,68.1,70.91,-2.81,-3.9628,269003.63,1837369.616
211,601127.SH,20220805,68.11,68.44,66.6,67.38,68.1,-0.72,-1.0573,169350.79,1140260.284
210,601127.SH,20220808,66.65,67.95,64.85,66.75,67.38,-0.63,-0.935,138174.91,924050.602
209,601127.SH,20220809,67,67.91,66,66.32,66.75,-0.43,-0.6442,166834.34,1115455.12
208,601127.SH,20220810,65.23,67.86,64.69,64.8,66.32,-1.52,-2.2919,175754.04,1157132.395
207,601127.SH,20220811,64.85,65.77,63.63,65.22,64.8,0.42,0.6481,187476.53,1216211.556
206,601127.SH,20220812,64.96,65.45,64,64.15,65.22,-1.07,-1.6406,101671.5,655674.615
205,601127.SH,20220815,63.88,67.66,63.66,66.35,64.15,2.2,3.4295,195292.04,1289598.397
204,601127.SH,20220816,66.31,67.6,65.21,66.32,66.35,-0.03,-0.0452,159133.48,1059422.515
203,601127.SH,20220817,65.63,68.21,65.15,67.59,66.32,1.27,1.915,167889.78,1117966.279
202,601127.SH,20220818,67.86,68.14,65.01,65.31,67.59,-2.28,-3.3733,171539.83,1136727.156
201,601127.SH,20220819,64.7,65.31,62.83,63.58,65.31,-1.73,-2.6489,159087.07,1014820.91
200,601127.SH,20220822,63.39,67.07,62.6,66.82,63.58,3.24,5.0959,215910.62,1422353.228
199,601127.SH,20220823,66.83,66.83,65.03,65.61,66.82,-1.21,-1.8108,120409.99,790537.545
198,601127.SH,20220824,65.25,65.94,61.6,61.99,65.61,-3.62,-5.5175,170605.66,1077974.96
197,601127.SH,20220825,62.7,64.07,61.89,63.99,61.99,2,3.2263,153061.47,967658.483
196,601127.SH,20220826,64,66.85,63.69,65.53,63.99,1.54,2.4066,158492.34,1042601.559
195,601127.SH,20220829,66.8,67.38,65.6,66.33,65.53,0.8,1.2208,147777.76,983796.155
194,601127.SH,20220830,65.9,66.99,65.25,66.34,66.33,0.01,0.0151,84326.4,557526.419
193,601127.SH,20220831,66,68.11,60.8,61.8,66.34,-4.54,-6.8435,257619.75,1658147.923
192,601127.SH,20220901,61.8,65.7,60.66,64.52,61.8,2.72,4.4013,182534.63,1160824.961
191,601127.SH,20220902,66.2,68.1,63.81,65.07,64.52,0.55,0.8524,226430.4,1496534.516
190,601127.SH,20220905,64.11,65.1,62.5,64.26,65.07,-0.81,-1.2448,136963.67,868632.409
189,601127.SH,20220906,65,66.98,64.5,65.89,64.26,1.63,2.5366,168137.69,1114181.111
188,601127.SH,20220907,66.68,67.88,66,66.96,65.89,1.07,1.6239,163092.19,1093185.967
187,601127.SH,20220908,67.09,67.7,65.1,65.1,66.96,-1.86,-2.7778,112791.27,747266.636
186,601127.SH,20220909,64.84,66.77,64.45,65.63,65.1,0.53,0.8141,82977.94,544254.032
185,601127.SH,20220913,66.3,70.91,66.1,69.67,65.63,4.04,6.1557,243078.77,1669373.563
184,601127.SH,20220914,68.69,70.54,67.65,68.89,69.67,-0.78,-1.1196,194462.51,1345368.887
183,601127.SH,20220915,69.2,69.49,63.24,63.34,68.89,-5.55,-8.0563,268265.67,1759252.482
182,601127.SH,20220916,63.45,64.77,61.66,63.08,63.34,-0.26,-0.4105,115074.94,730656.072
181,601127.SH,20220919,63.34,69.39,63.26,67.35,63.08,4.27,6.7692,337812,2275352.262
180,601127.SH,20220920,67.93,69.48,67.7,68.16,67.35,0.81,1.2027,198420.41,1359079.323
179,601127.SH,20220921,66.9,68.17,66.11,67.8,68.16,-0.36,-0.5282,137451.91,923374.039
178,601127.SH,20220922,66.28,67.71,64.5,65.9,67.8,-1.9,-2.8024,144419.36,956522.035
177,601127.SH,20220923,65.15,65.94,62.1,63.25,65.9,-2.65,-4.0212,173850.53,1101156.349
176,601127.SH,20220926,62.22,64.86,61.82,63.78,63.25,0.53,0.8379,128329.56,817041.742
175,601127.SH,20220927,64.6,64.85,62.4,63.99,63.78,0.21,0.3293,100015.54,633479.4
174,601127.SH,20220928,63.12,63.65,60.33,60.63,63.99,-3.36,-5.2508,129203.92,797306.75
173,601127.SH,20220929,61.59,61.65,57,58.08,60.63,-2.55,-4.2058,163611.68,960620.231
172,601127.SH,20220930,57.11,57.88,55.26,55.26,58.08,-2.82,-4.8554,136005.07,763490.873
171,601127.SH,20221010,52,52.67,49.73,49.73,55.26,-5.53,-10.0072,194825.57,986036.44
170,601127.SH,20221011,48.2,50.5,47.3,50.07,49.73,0.34,0.6837,175333.84,861127.2
169,601127.SH,20221012,50.31,52.65,49.79,52.49,50.07,2.42,4.8332,176079.37,899168
168,601127.SH,20221013,51.81,53.32,51.41,51.87,52.49,-0.62,-1.1812,117080.97,614712.364
167,601127.SH,20221014,52.52,55.09,52.52,54.44,51.87,2.57,4.9547,166312.36,895403.567
166,601127.SH,20221017,53.61,54.61,52.25,53.71,54.44,-0.73,-1.3409,127778.49,680330.792
165,601127.SH,20221018,55.08,55.95,53.29,53.39,53.71,-0.32,-0.5958,117079.79,633794.831
164,601127.SH,20221019,52.89,54.68,52.55,52.98,53.39,-0.41,-0.7679,96739.36,519475.31
163,601127.SH,20221020,52,52.97,50.84,52.26,52.98,-0.72,-1.359,97380.02,504785.71
162,601127.SH,20221021,52.4,52.45,50.77,50.96,52.26,-1.3,-2.4876,81722.71,420895.3
161,601127.SH,20221024,50.55,51.73,48.95,49.45,50.96,-1.51,-2.9631,116732.97,585935.475
160,601127.SH,20221025,49.57,51.2,48.5,50.32,49.45,0.87,1.7594,132824.25,662173.442
159,601127.SH,20221026,50.38,51.1,49.5,50.24,50.32,-0.08,-0.159,103817.76,522663.274
158,601127.SH,20221027,50.23,50.98,48.71,48.71,50.24,-1.53,-3.0454,120323.67,599200.977
157,601127.SH,20221028,48.2,48.65,45.9,46.33,48.71,-2.38,-4.8861,173867.45,817073.481
156,601127.SH,20221031,46.33,47,45.66,46.17,46.33,-0.16,-0.3453,105959.85,490800.082
155,601127.SH,20221101,46.9,47.53,45.92,47.36,46.17,1.19,2.5774,146023.26,685450.918
154,601127.SH,20221102,47.42,52.1,47.21,52.1,47.36,4.74,10.0084,231878.52,1158105.25
153,601127.SH,20221103,52,54.65,51.33,52.2,52.1,0.1,0.1919,261689.18,1382327.852
152,601127.SH,20221104,51.79,57.42,51.69,57.42,52.2,5.22,10,394889.61,2205631.367
151,601127.SH,20221107,57.42,57.93,55.58,56.69,57.42,-0.73,-1.2713,271918,1544678.255
150,601127.SH,20221108,56.27,57.5,54.91,55.5,56.69,-1.19,-2.0991,157292.7,878253.439
149,601127.SH,20221109,55.69,57,54.52,54.8,55.5,-0.7,-1.2613,151360.99,840584.855
148,601127.SH,20221110,53.3,53.98,52.4,53.5,54.8,-1.3,-2.3723,152493.86,809574.339
147,601127.SH,20221111,56,56.7,53.16,54.25,53.5,0.75,1.4019,225665.36,1230222.598
146,601127.SH,20221114,53.5,55.19,51.87,52.3,54.25,-1.95,-3.5945,161198.84,853850.36
145,601127.SH,20221115,52.06,54.14,51.51,53.93,52.3,1.63,3.1166,182754.78,968213.949
144,601127.SH,20221116,53.79,55.24,52.83,53.01,53.93,-0.92,-1.7059,137806.8,742710.678
143,601127.SH,20221117,52.45,52.85,50.18,50.98,53.01,-2.03,-3.8295,179810.06,918606.579
142,601127.SH,20221118,50.98,51.2,49.03,49.07,50.98,-1.91,-3.7466,174415.77,868293.691
141,601127.SH,20221121,48.11,50.88,47.7,50.34,49.07,1.27,2.5881,197840.26,974682.54
140,601127.SH,20221122,50,50,48.29,48.4,50.34,-1.94,-3.8538,148734.4,730031.199
139,601127.SH,20221123,48.4,48.85,46.66,47.2,48.4,-1.2,-2.4793,170484.36,808668.583
138,601127.SH,20221124,47.64,48.49,47.18,47.5,47.2,0.3,0.6356,142998.73,684033.414
137,601127.SH,20221125,47.5,47.5,45.65,45.8,47.5,-1.7,-3.5789,178654.69,826633.893
136,601127.SH,20221128,44.5,45.59,43.91,45.12,45.8,-0.68,-1.4847,119888.48,538016.039
135,601127.SH,20221129,45.31,47.24,45.02,47,45.12,1.88,4.1667,172798.85,799045.863
134,601127.SH,20221130,46.99,51.7,46.52,50.25,47,3.25,6.9149,458669.34,2287583.404
133,601127.SH,20221201,52.3,53.88,48.8,48.86,50.25,-1.39,-2.7662,364230.24,1846472.959
132,601127.SH,20221202,47.75,48.1,46,46.42,48.86,-2.44,-4.9939,305036.55,1433138.499
131,601127.SH,20221205,47.1,47.87,46.13,46.44,46.42,0.02,0.0431,234313.07,1099023.372
130,601127.SH,20221206,46,47.9,45.58,46.83,46.44,0.39,0.8398,192498.29,901564.007
129,601127.SH,20221207,46.8,49.5,46.79,47.98,46.83,1.15,2.4557,280144.43,1352774.689
128,601127.SH,20221208,47.99,49.18,47.41,47.86,47.98,-0.12,-0.2501,162467.31,780691.895
127,601127.SH,20221209,48.01,48.38,47.1,47.69,47.86,-0.17,-0.3552,121654.28,579547.26
126,601127.SH,20221212,47.3,47.3,46.35,46.56,47.69,-1.13,-2.3695,109261.11,511029.844
125,601127.SH,20221213,46.39,47.83,45.62,45.7,46.56,-0.86,-1.8471,165071.83,766825.187
124,601127.SH,20221214,45.25,46.06,45,45.52,45.7,-0.18,-0.3939,104237.99,473591.857
123,601127.SH,20221215,45.7,47.39,45.31,47.31,45.52,1.79,3.9323,211202.63,984173.023
122,601127.SH,20221216,46.81,46.85,44.6,44.8,47.31,-2.51,-5.3054,199179.58,908229.384
121,601127.SH,20221219,44.95,47.8,44.95,45.8,44.8,1,2.2321,253984.79,1179671.424
120,601127.SH,20221220,45.18,45.36,43.94,44.74,45.8,-1.06,-2.3144,178400.08,794840.499
119,601127.SH,20221221,44.5,44.87,43.36,43.73,44.74,-1.01,-2.2575,131116.4,575888.896
118,601127.SH,20221222,44.15,45.23,43.61,43.7,43.73,-0.03,-0.0686,158787.63,704690.935
117,601127.SH,20221223,42.68,42.82,40.83,41.71,43.7,-1.99,-4.5538,219790.03,913253.266
116,601127.SH,20221226,41.45,43.88,41.36,43.86,41.71,2.15,5.1546,201497.46,868569.577
115,601127.SH,20221227,43.9,44.26,42.8,44,43.86,0.14,0.3192,124229.03,541519.648
114,601127.SH,20221228,43,43.22,41.5,41.6,44,-2.4,-5.4545,206058.06,866267.087
113,601127.SH,20221229,41.53,41.53,39.77,39.77,41.6,-1.83,-4.399,269826.35,1084170.785
112,601127.SH,20221230,40.4,41.5,39.88,39.99,39.77,0.22,0.5532,181695.48,737096.396
111,601127.SH,20230103,40,41.95,39.3,41.81,39.99,1.82,4.5511,208747.02,855710.804
110,601127.SH,20230104,41,41.33,40.29,40.74,41.81,-1.07,-2.5592,125508.13,511972.994
109,601127.SH,20230105,41.68,42,40.88,41.1,40.74,0.36,0.8837,152304.58,630488.86
108,601127.SH,20230106,40.88,42.15,40.71,41.21,41.1,0.11,0.2676,155647.09,644021.523
107,601127.SH,20230109,40.98,42.41,40.82,41.45,41.21,0.24,0.5824,196678.24,821780.967
106,601127.SH,20230110,41.7,45.2,40.6,44,41.45,2.55,6.152,408809.4,1756892.183
105,601127.SH,20230111,42.88,43.43,42.58,42.83,44,-1.17,-2.6591,218515.11,939224.782
104,601127.SH,20230112,42.92,43.9,42.54,42.84,42.83,0.01,0.0233,158317.85,681486.941
103,601127.SH,20230113,42.98,43.28,41.8,42.12,42.84,-0.72,-1.6807,147151.08,621894.522
102,601127.SH,20230116,42.1,42.43,39.71,39.75,42.12,-2.37,-5.6268,533089.61,2172687.44
101,601127.SH,20230117,39.78,40.51,38.38,39.79,39.75,0.04,0.1006,284767.44,1128737.432
100,601127.SH,20230118,39.78,40.88,39.4,39.5,39.79,-0.29,-0.7288,235068.21,940226.015
99,601127.SH,20230119,39.58,39.58,38.84,39,39.5,-0.5,-1.2658,174153.94,680839.361
98,601127.SH,20230120,39.08,39.69,38.69,39.55,39,0.55,1.4103,210533.67,824665.914
97,601127.SH,20230130,41.01,42.78,40.85,40.91,39.55,1.36,3.4387,481902.76,2008417.243
96,601127.SH,20230131,40.45,41.5,40.41,40.93,40.91,0.02,0.0489,254498.63,1042650.603
95,601127.SH,20230201,40.93,42.5,40.73,41.82,40.93,0.89,2.1744,386867.24,1614385.838
94,601127.SH,20230202,42.1,43.4,41.55,42.45,41.82,0.63,1.5065,366413.54,1555747.302
93,601127.SH,20230203,42.42,42.42,40.15,40.64,42.45,-1.81,-4.2638,391515.72,1604187.087
92,601127.SH,20230206,40.62,40.96,39.89,39.98,40.64,-0.66,-1.624,225670.9,909419.303
91,601127.SH,20230207,40.1,40.36,39.66,40.22,39.98,0.24,0.6003,162552.3,649833.372
90,601127.SH,20230208,40.5,40.55,39.56,39.68,40.22,-0.54,-1.3426,173940.06,693348.258
89,601127.SH,20230209,39.56,40.75,39.21,40.56,39.68,0.88,2.2177,231615.83,929672.664
88,601127.SH,20230210,40.55,40.56,39.2,39.41,40.56,-1.15,-2.8353,259429.76,1029096.982
87,601127.SH,20230213,39.69,40.13,39,39.82,39.41,0.41,1.0403,188058.27,743886.874
86,601127.SH,20230214,39.83,39.99,37.7,39.42,39.82,-0.4,-1.0045,324349.48,1266002.623
85,601127.SH,20230215,39.3,40.13,38.87,39.03,39.42,-0.39,-0.9893,233345.45,919436.876
84,601127.SH,20230216,39.03,39.09,37.23,37.55,39.03,-1.48,-3.792,377824.59,1441903.768
83,601127.SH,20230217,37.24,37.38,35.79,35.82,37.55,-1.73,-4.6072,366924.98,1336346.568
82,601127.SH,20230220,36,36.57,35.36,36.54,35.82,0.72,2.0101,222849.15,803555.529
81,601127.SH,20230221,36.56,37.99,36.55,37.41,36.54,0.87,2.381,289855.76,1082597.065
80,601127.SH,20230222,37.14,38.09,36.71,37.7,37.41,0.29,0.7752,231571.7,865068.979
79,601127.SH,20230223,37.65,38.46,37.27,37.4,37.7,-0.3,-0.7958,216522.39,818903.862
78,601127.SH,20230224,37,37.43,36.66,37.03,37.4,-0.37,-0.9893,135095.23,499842.495
77,601127.SH,20230227,37.9,38.1,36.96,37.32,37.03,0.29,0.7831,202535.58,757850.97
76,601127.SH,20230228,37.3,37.72,36.91,37.65,37.32,0.33,0.8842,145499.72,542142.509
75,601127.SH,20230301,37.57,39.21,37.23,39,37.65,1.35,3.5857,376178.4,1443106.394
74,601127.SH,20230302,38.91,39.28,38.23,38.51,39,-0.49,-1.2564,254450.67,985176.47
73,601127.SH,20230303,38.28,38.86,38.17,38.51,38.51,0,0,157774.55,606594.349
72,601127.SH,20230306,38.49,38.77,37.6,38.5,38.51,-0.01,-0.026,160336.48,612188.52
71,601127.SH,20230307,38.27,38.91,37.74,37.77,38.5,-0.73,-1.8961,179133.74,686456.386
70,601127.SH,20230308,37.15,37.98,37.01,37.82,37.77,0.05,0.1324,129962.79,487249.548
69,601127.SH,20230309,38.22,39.49,38.22,38.48,37.82,0.66,1.7451,285732.89,1108839.168
68,601127.SH,20230310,37.97,38.23,36.7,36.98,38.48,-1.5,-3.8981,261613.62,974201.727
67,601127.SH,20230313,36.21,36.49,35.8,36.34,36.98,-0.64,-1.7307,197303.58,712884.707
66,601127.SH,20230314,36.34,39.65,35.69,38.8,36.34,2.46,6.7694,469168.19,1783543.459
65,601127.SH,20230315,38.6,39.16,38.11,38.99,38.8,0.19,0.4897,328618.49,1270647.017
64,601127.SH,20230316,38.6,40.56,38.41,38.78,38.99,-0.21,-0.5386,340331.1,1342911.36
63,601127.SH,20230317,38.89,40.2,38.2,39.71,38.78,0.93,2.3981,419641.79,1655255.793
62,601127.SH,20230320,39.5,41.18,39.01,40.85,39.71,1.14,2.8708,412925.88,1671519.303
61,601127.SH,20230321,40.98,41.49,40.23,41.31,40.85,0.46,1.1261,376212.84,1544548.67
60,601127.SH,20230322,41.12,41.56,40.2,40.51,41.31,-0.8,-1.9366,261705.71,1066916.11
59,601127.SH,20230323,40.05,40.68,39.82,40.2,40.51,-0.31,-0.7652,195707.01,786486.135
58,601127.SH,20230324,40.6,41,39.91,40.24,40.2,0.04,0.0995,179989.54,728319.734
57,601127.SH,20230327,39.9,40.4,39.02,39.4,40.24,-0.84,-2.0875,210245.92,832078.663
56,601127.SH,20230328,39.55,39.88,38.88,38.88,39.4,-0.52,-1.3198,163111.74,639722.425
55,601127.SH,20230329,38.8,39.25,37.81,37.99,38.88,-0.89,-2.2891,164592.46,635231.536
54,601127.SH,20230330,38,38.82,37.66,38.47,37.99,0.48,1.2635,140833.95,539429.857
53,601127.SH,20230331,38.46,38.7,35.63,37.85,38.47,-0.62,-1.6116,256568.76,961973.921
52,601127.SH,20230403,36.6,36.6,35.56,36.13,37.85,-1.72,-4.5443,308117.04,1110453.661
51,601127.SH,20230404,35.9,36.24,35.37,35.58,36.13,-0.55,-1.5223,196552.97,701980.827
50,601127.SH,20230406,35.58,35.6,34,34.04,35.58,-1.54,-4.3283,263843.84,906022.439
49,601127.SH,20230407,33.97,34.41,33.69,34.19,34.04,0.15,0.4407,144767.03,494127.073
48,601127.SH,20230410,34.19,34.2,33.05,33.05,34.19,-1.14,-3.3343,198894.45,665907.072
47,601127.SH,20230411,33.04,33.64,33.04,33.34,33.05,0.29,0.8775,122179.94,406746.901
46,601127.SH,20230412,33.33,33.33,32.32,32.61,33.34,-0.73,-2.1896,165060.95,539886.644
45,601127.SH,20230413,32.32,32.78,31.89,31.91,32.61,-0.7,-2.1466,161088.66,518398.661
44,601127.SH,20230414,31.95,33,31.95,32.69,31.91,0.78,2.4444,189414.37,617908.02
43,601127.SH,20230417,33.12,34.42,33.06,33.67,32.69,0.98,2.9979,215937.88,727438.711
42,601127.SH,20230418,34.25,34.56,33.5,33.61,33.67,-0.06,-0.1782,157950.91,536453.006
41,601127.SH,20230419,33.48,33.48,32.72,32.8,33.61,-0.81,-2.41,130166.14,428722.476
40,601127.SH,20230420,32.72,32.72,31.55,31.83,32.8,-0.97,-2.9573,181261.91,578835.672
39,601127.SH,20230421,31.66,32.2,30.69,30.92,31.83,-0.91,-2.8589,152397.55,478526.419
38,601127.SH,20230424,30.92,31.33,29.58,29.8,30.92,-1.12,-3.6223,304837.46,926511.641
37,601127.SH,20230425,29.81,29.87,28.61,29.06,29.8,-0.74,-2.4832,234554.65,680164.61
36,601127.SH,20230426,28.94,30.09,28.82,29.53,29.06,0.47,1.6173,162561.78,480410.241
35,601127.SH,20230427,29.31,29.77,28.96,28.98,29.53,-0.55,-1.8625,130538.41,382048.128
34,601127.SH,20230428,29.3,29.85,29.08,29.52,28.98,0.54,1.8634,131623.91,387460.244
33,601127.SH,20230504,29.51,30.1,28.8,29.1,29.52,-0.42,-1.4228,148061.67,435192.177
32,601127.SH,20230505,28.75,28.85,27.79,28.15,29.1,-0.95,-3.2646,214352.62,605330.964
31,601127.SH,20230508,28.33,28.79,27.87,28.07,28.15,-0.08,-0.2842,204247.67,576918.125
30,601127.SH,20230509,28.1,28.42,27.61,27.7,28.07,-0.37,-1.3181,162944.32,455210.292
29,601127.SH,20230510,27.65,29.25,27.52,28.69,27.7,0.99,3.574,295055.65,840914.332
28,601127.SH,20230511,28.59,29.3,28.31,28.86,28.69,0.17,0.5925,200269.27,577734.641
27,601127.SH,20230512,28.76,29.07,27.88,27.93,28.86,-0.93,-3.2225,167605.68,473784.599
26,601127.SH,20230515,27.75,28.36,27.7,28.34,27.93,0.41,1.468,119430.62,335739.149
25,601127.SH,20230516,28.34,28.34,27.8,27.92,28.34,-0.42,-1.482,101170.91,282890.777
24,601127.SH,20230517,27.93,28.18,27.35,28.03,27.92,0.11,0.394,112119.24,311838.558
23,601127.SH,20230518,28.03,28.3,27.42,27.66,28.03,-0.37,-1.32,118691.77,329864.27
22,601127.SH,20230519,27.5,27.65,27.1,27.43,27.66,-0.23,-0.8315,90760.56,249024.152
21,601127.SH,20230522,27.5,27.7,26.88,26.97,27.43,-0.46,-1.677,207841.34,563725.076
20,601127.SH,20230523,26.54,26.92,26.32,26.32,26.97,-0.65,-2.4101,178762.14,475094.535
19,601127.SH,20230524,26,26.38,25.93,26.01,26.32,-0.31,-1.1778,130495.47,340867.059
18,601127.SH,20230525,25.9,26.61,25.67,25.92,26.01,-0.09,-0.346,174984.71,456604.69
17,601127.SH,20230526,26,26.46,25.27,26.46,25.92,0.54,2.0833,194692.27,503680.095
16,601127.SH,20230529,26.45,26.7,25.95,26.07,26.46,-0.39,-1.4739,158974.54,416928.303
15,601127.SH,20230530,26.14,26.55,25.38,25.61,26.07,-0.46,-1.7645,249067.55,644181.9
14,601127.SH,20230531,25.89,25.9,25.39,25.78,25.61,0.17,0.6638,220788.67,566578.232
13,601127.SH,20230601,25.6,25.98,25.1,25.38,25.78,-0.4,-1.5516,197076.31,504444.838
12,601127.SH,20230602,25.65,27.05,25.58,26.76,25.38,1.38,5.4374,374648.69,994600.458
11,601127.SH,20230605,27,27.21,26.18,26.57,26.76,-0.19,-0.71,237936.85,634471.839
10,601127.SH,20230606,26.44,26.79,25.7,25.77,26.57,-0.8,-3.0109,173612.79,454083.792
9,601127.SH,20230607,25.71,25.95,25.1,25.31,25.77,-0.46,-1.785,181251.32,461159.899
8,601127.SH,20230608,25.2,25.55,24.75,24.82,25.31,-0.49,-1.936,158247.16,396714.229
7,601127.SH,20230609,25.28,26.1,24.96,25.4,24.82,0.58,2.3368,249031.47,633399.346
6,601127.SH,20230612,25.5,27.94,25.41,27.94,25.4,2.54,10,333336.67,898947.108
5,601127.SH,20230613,30,30.2,29,29.4,27.94,1.46,5.2255,796838.43,2352590.461
4,601127.SH,20230614,29.38,31.88,29.11,30.65,29.4,1.25,4.2517,833978.34,2549722.6
3,601127.SH,20230615,30.18,33.72,30.02,33.72,30.65,3.07,10.0163,1028186.74,3380077.332
2,601127.SH,20230616,34.39,35.27,33.44,34.69,33.72,0.97,2.8766,1084903.95,3716693.533
1,601127.SH,20230619,34.9,38.16,34.88,38.16,34.69,3.47,10.0029,902809.48,3338265.418
0,601127.SH,20230620,39.21,41.77,38.2,40.43,38.16,2.27,5.9486,1153933.74,4595199.263
